#
# There is insufficient memory for the Java Runtime Environment to continue.
# Native memory allocation (mmap) failed to map 65536 bytes. Error detail: Failed to commit metaspace.
# Possible reasons:
#   The system is out of physical RAM or swap space
#   This process is running with CompressedOops enabled, and the Java Heap may be blocking the growth of the native heap
# Possible solutions:
#   Reduce memory load on the system
#   Increase physical memory or swap space
#   Check if swap backing store is full
#   Decrease Java heap size (-Xmx/-Xms)
#   Decrease number of Java threads
#   Decrease Java thread stack sizes (-Xss)
#   Set larger code cache with -XX:ReservedCodeCacheSize=
#   JVM is running with Zero Based Compressed Oops mode in which the Java heap is
#     placed in the first 32GB address space. The Java Heap base address is the
#     maximum limit for the native heap growth. Please use -XX:HeapBaseMinAddress
#     to set the Java Heap base and to place the Java Heap above 32GB virtual address.
# This output file may be truncated or incomplete.
#
#  Out of Memory Error (virtualSpaceNode.cpp:113), pid=39528, tid=43576
#
# JRE version: OpenJDK Runtime Environment (25.0.1+8) (build 25.0.1+8-27)
# Java VM: OpenJDK 64-Bit Server VM (25.0.1+8-27, mixed mode, sharing, tiered, compressed oops, compressed class ptrs, g1 gc, windows-amd64)
# No core dump will be written. Minidumps are not enabled by default on client versions of Windows
#

---------------  S U M M A R Y ------------

Command Line: -Dclassworlds.conf=C:\Program Files\JetBrains\IntelliJ IDEA 2025.2.2\plugins\maven\lib\maven3\bin\m2.conf -Dmaven.home=C:\Program Files\JetBrains\IntelliJ IDEA 2025.2.2\plugins\maven\lib\maven3 -Dlibrary.jansi.path=C:\Program Files\JetBrains\IntelliJ IDEA 2025.2.2\plugins\maven\lib\maven3\lib\jansi-native -Dmaven.multiModuleProjectDirectory=C:\Users\Dominik\IdeaProjects\FootballClubSystem org.codehaus.plexus.classworlds.launcher.Launcher -Didea.version=2025.2.2 -Dmaven.ext.class.path=C:\Program Files\JetBrains\IntelliJ IDEA 2025.2.2\plugins\maven\lib\maven-event-listener.jar -Djansi.passthrough=true -Dstyle.color=always -DskipTests=true -Dmaven.repo.local=C:\Users\Dominik\.m2\repository clean package -DskipTests -f pom.xml

Host: 13th Gen Intel(R) Core(TM) i7-13620H, 16 cores, 15G,  Windows 11 , 64 bit Build 26100 (10.0.26100.7019)
Time: Wed Jan 14 19:54:03 2026 elapsed time: 0.115381 seconds (0d 0h 0m 0s)

---------------  T H R E A D  ---------------

Current thread (0x0000020f9a1a5400):  JavaThread "main"             [_thread_in_vm, id=43576, stack(0x0000002412e00000,0x0000002412f00000) (1024K)]

Stack: [0x0000002412e00000,0x0000002412f00000]
Native frames: (J=compiled Java code, j=interpreted, Vv=VM code, C=native code)
V  [jvm.dll+0x7a6b59]  (no source info available)
V  [jvm.dll+0x77290d]  (no source info available)
V  [jvm.dll+0x966153]  (no source info available)
V  [jvm.dll+0x968751]  (no source info available)
V  [jvm.dll+0x968e53]  (no source info available)
V  [jvm.dll+0x2fc756]  (no source info available)
V  [jvm.dll+0x96301e]  (no source info available)
V  [jvm.dll+0x73db64]  (no source info available)
V  [jvm.dll+0x73dbca]  (no source info available)
V  [jvm.dll+0x7404b9]  (no source info available)
V  [jvm.dll+0x740245]  (no source info available)
V  [jvm.dll+0x29b372]  (no source info available)
V  [jvm.dll+0x73e588]  (no source info available)
V  [jvm.dll+0x2e2af9]  (no source info available)
V  [jvm.dll+0x1b0bcb]  (no source info available)
V  [jvm.dll+0x303030]  (no source info available)
V  [jvm.dll+0x30439b]  (no source info available)
V  [jvm.dll+0x282edd]  (no source info available)
V  [jvm.dll+0x2825fd]  (no source info available)
V  [jvm.dll+0x6689b5]  (no source info available)
V  [jvm.dll+0x293271]  (no source info available)
V  [jvm.dll+0x8d4cbf]  (no source info available)
V  [jvm.dll+0x8d5d1a]  (no source info available)
V  [jvm.dll+0x8d6426]  (no source info available)
V  [jvm.dll+0x2885ec]  (no source info available)
V  [jvm.dll+0x28ad90]  (no source info available)
V  [jvm.dll+0x280856]  (no source info available)
V  [jvm.dll+0x668991]  (no source info available)
V  [jvm.dll+0x293271]  (no source info available)
V  [jvm.dll+0x8d4cbf]  (no source info available)
V  [jvm.dll+0x8d5d1a]  (no source info available)
V  [jvm.dll+0x8d6252]  (no source info available)
V  [jvm.dll+0x520248]  (no source info available)
C  [java.dll+0x1a35]  (no source info available)
C  0x0000020facafbc13  (no source info available)

The last pc belongs to native nmethod (printed below).
Java frames: (J=compiled Java code, j=interpreted, Vv=VM code)
J 400  java.lang.ClassLoader.findBootstrapClass(Ljava/lang/String;)Ljava/lang/Class; java.base@25.0.1 (0 bytes) @ 0x0000020facafbbda [0x0000020facafbb80+0x000000000000005a]
j  java.lang.ClassLoader.findBootstrapClassOrNull(Ljava/lang/String;)Ljava/lang/Class;+10 java.base@25.0.1
j  java.lang.System$1.findBootstrapClassOrNull(Ljava/lang/String;)Ljava/lang/Class;+1 java.base@25.0.1
j  jdk.internal.loader.ClassLoaders$BootClassLoader.loadClassOrNull(Ljava/lang/String;Z)Ljava/lang/Class;+4 java.base@25.0.1
J 448 c1 jdk.internal.loader.BuiltinClassLoader.loadClassOrNull(Ljava/lang/String;Z)Ljava/lang/Class; java.base@25.0.1 (143 bytes) @ 0x0000020fa4fc1524 [0x0000020fa4fc0e80+0x00000000000006a4]
j  jdk.internal.loader.BuiltinClassLoader.loadClass(Ljava/lang/String;Z)Ljava/lang/Class;+3 java.base@25.0.1
j  java.lang.ClassLoader.loadClass(Ljava/lang/String;Z)Ljava/lang/Class;+38 java.base@25.0.1
j  org.codehaus.plexus.classworlds.realm.ClassRealm.unsynchronizedLoadClass(Ljava/lang/String;Z)Ljava/lang/Class;+3
j  org.codehaus.plexus.classworlds.realm.ClassRealm.loadClass(Ljava/lang/String;Z)Ljava/lang/Class;+9
j  org.codehaus.plexus.classworlds.realm.ClassRealm.loadClass(Ljava/lang/String;)Ljava/lang/Class;+3
v  ~StubRoutines::call_stub 0x0000020fac3a12ed
j  org.slf4j.helpers.SubstituteLoggerFactory.<init>()V+21
j  org.slf4j.LoggerFactory.<clinit>()V+8
v  ~StubRoutines::call_stub 0x0000020fac3a12ed
j  org.apache.maven.cli.MavenCli.logging(Lorg/apache/maven/cli/CliRequest;)V+70
j  org.apache.maven.cli.MavenCli.doMain(Lorg/apache/maven/cli/CliRequest;)I+19
j  org.apache.maven.cli.MavenCli.main([Ljava/lang/String;Lorg/codehaus/plexus/classworlds/ClassWorld;)I+24
j  java.lang.invoke.DirectMethodHandle$Holder.invokeStatic(Ljava/lang/Object;Ljava/lang/Object;Ljava/lang/Object;)I+11 java.base@25.0.1
j  java.lang.invoke.LambdaForm$MH+0x000000009e046000.invoke(Ljava/lang/Object;Ljava/lang/Object;Ljava/lang/Object;Ljava/lang/Object;)Ljava/lang/Object;+54 java.base@25.0.1
j  java.lang.invoke.LambdaForm$MH+0x000000009e046400.invokeExact_MT(Ljava/lang/Object;Ljava/lang/Object;Ljava/lang/Object;Ljava/lang/Object;Ljava/lang/Object;)Ljava/lang/Object;+22 java.base@25.0.1
j  jdk.internal.reflect.DirectMethodHandleAccessor.invokeImpl(Ljava/lang/Object;[Ljava/lang/Object;)Ljava/lang/Object;+72 java.base@25.0.1
j  jdk.internal.reflect.DirectMethodHandleAccessor.invoke(Ljava/lang/Object;[Ljava/lang/Object;)Ljava/lang/Object;+23 java.base@25.0.1
j  java.lang.reflect.Method.invoke(Ljava/lang/Object;[Ljava/lang/Object;)Ljava/lang/Object;+102 java.base@25.0.1
j  org.codehaus.plexus.classworlds.launcher.Launcher.launchEnhanced([Ljava/lang/String;)V+45
j  org.codehaus.plexus.classworlds.launcher.Launcher.launch([Ljava/lang/String;)V+2
j  org.codehaus.plexus.classworlds.launcher.Launcher.mainWithExitCode([Ljava/lang/String;)I+108
j  org.codehaus.plexus.classworlds.launcher.Launcher.main([Ljava/lang/String;)V+1
v  ~StubRoutines::call_stub 0x0000020fac3a12ed
Lock stack of current Java thread (top to bottom):
LockStack[1]: java.lang.Object 
{0x0000000713c23008} - klass: 'java/lang/Object' - flags: 

 - ---- fields (total size 2 words):
LockStack[0]: java.lang.Object 
{0x0000000713c22fd8} - klass: 'java/lang/Object' - flags: 

 - ---- fields (total size 2 words):


Compiled method (n/a) 153  400     n 0       java.lang.ClassLoader::findBootstrapClass (native)
 total in heap  [0x0000020facafba88,0x0000020facafbe48] = 960
 main code      [0x0000020facafbb80,0x0000020facafbe41] = 705
 stub code      [0x0000020facafbe41,0x0000020facafbe48] = 7
 mutable data [0x0000020fc1089570,0x0000020fc1089590] = 32
 relocation     [0x0000020fc1089570,0x0000020fc1089590] = 32

[Constant Pool (empty)]

[MachCode]
[Entry Point]
  # {method} {0x000000009d4a3228} 'findBootstrapClass' '(Ljava/lang/String;)Ljava/lang/Class;' in 'java/lang/ClassLoader'
  # parm0:    rdx:rdx   = 'java/lang/String'
  #           [sp+0x70]  (sp of caller)
  0x0000020facafbb80: 6690 448b | 5208 443b 

  0x0000020facafbb88: ;   {runtime_call Shared Runtime ic_miss_blob}
  0x0000020facafbb88: 5008 0f85 | 502f 8fff 
[Verified Entry Point]
  0x0000020facafbb90: 8984 2400 | 80ff ff55 | 488b ec48 | 83ec 6090 | 4181 7f20 | 0100 0000 

  0x0000020facafbba8: ;   {runtime_call Stub::method_entry_barrier}
  0x0000020facafbba8: 7405 e891 | 868d ff48 | 8954 2420 | 4883 fa00 | 4c8d 4424 | 204c 0f44 

  0x0000020facafbbc0: ;   {oop(a 'java/lang/Class'{0x00000007ffe7fe48} = 'java/lang/ClassLoader')}
  0x0000020facafbbc0: 4424 2049 | be48 fee7 | ff07 0000 | 004c 8974 | 2450 4c8d | 7424 5049 | 8bd6 c5f8 

  0x0000020facafbbdc: ;   {internal_word}
  0x0000020facafbbdc: 7749 bada | bbaf ac0f | 0200 004d | 8997 3004 | 0000 4989 | a728 0400 | 0049 8d8f | 4804 0000 
  0x0000020facafbbfc: 41c7 87d4 | 0400 0004 

  0x0000020facafbc04: ;   {runtime_call}
  0x0000020facafbc04: 0000 0048 | b8c8 1983 | befe 7f00 | 00ff d0c5 | f877 41c7 | 87d4 0400 | 0005 0000 | 00f0 8344 
  0x0000020facafbc24: 24c0 0049 | 3b6f 280f | 870e 0000 | 0041 83bf | d004 0000 | 000f 842b | 0000 00c5 | f877 4889 
  0x0000020facafbc44: 45f8 498b | cf4c 8be4 | 4883 ec20 | 4883 e4f0 

  0x0000020facafbc54: ;   {runtime_call}
  0x0000020facafbc54: 48b8 a0ac | 3ef2 fd7f | 0000 ffd0 | 498b e44d | 33e4 488b | 45f8 41c7 | 87d4 0400 | 0008 0000 
  0x0000020facafbc74: 0041 83bf | 5005 0000 | 020f 8491 | 0100 0049 | c787 2804 | 0000 0000 | 0000 49c7 | 8730 0400 
  0x0000020facafbc94: 0000 0000 | 00c5 f877 | 4885 c00f | 842f 0100 | 00a8 030f | 8508 0000 | 0048 8b00 | e91f 0100 
  0x0000020facafbcb4: 00a8 010f | 8509 0000 | 0048 8b40 | fee9 0e01 | 0000 488b | 40ff 4180 | 7f48 000f | 84ff 0000 
  0x0000020facafbcd4: 0048 83f8 | 000f 84f5 | 0000 0049 | 8b4f 3848 | 85c9 0f84 | 1400 0000 | 4883 e908 | 4989 4f38 
  0x0000020facafbcf4: 4903 4f40 | 4889 01e9 | d400 0000 | 4883 ec70 | 4889 0424 | 4889 4c24 | 0848 8954 | 2410 4c89 
  0x0000020facafbd14: 4424 184c | 894c 2420 | 4c89 5424 | 284c 895c | 2430 c5fb | 1144 2440 | c5fb 114c | 2448 c5fb 
  0x0000020facafbd34: 1154 2450 | c5fb 115c | 2458 c5fb | 1164 2460 | c5fb 116c | 2468 498b | d748 8bc8 

  0x0000020facafbd50: ;   {other}
  0x0000020facafbd50: 4883 ec20 | 40f6 c40f | 0f84 1900 | 0000 4883 

  0x0000020facafbd60: ;   {runtime_call}
  0x0000020facafbd60: ec08 48b8 | 2076 31f2 | fd7f 0000 | ffd0 4883 | c408 e90c 

  0x0000020facafbd74: ;   {runtime_call}
  0x0000020facafbd74: 0000 0048 | b820 7631 | f2fd 7f00 | 00ff d048 | 83c4 20c5 | fb10 6c24 | 68c5 fb10 | 6424 60c5 
  0x0000020facafbd94: fb10 5c24 | 58c5 fb10 | 5424 50c5 | fb10 4c24 | 48c5 fb10 | 4424 404c | 8b5c 2430 | 4c8b 5424 
  0x0000020facafbdb4: 284c 8b4c | 2420 4c8b | 4424 1848 | 8b54 2410 | 488b 4c24 | 0848 8b04 | 2448 83c4 | 70c5 f877 
  0x0000020facafbdd4: 498b 8fb8 | 0400 00c7 | 8100 0100 | 0000 0000 

  0x0000020facafbde4: ;   {poll_return}
  0x0000020facafbde4: 00c9 41f6 | 4728 0174 

  0x0000020facafbdec: ;   {internal_word}
  0x0000020facafbdec: 1649 bae6 | bdaf ac0f | 0200 004d | 8997 e004 

  0x0000020facafbdfc: ;   {runtime_call SafepointBlob}
  0x0000020facafbdfc: 0000 e95d | 518f ff49 | 837f 0800 | 0f85 0100 

  0x0000020facafbe0c: ;   {runtime_call Stub::forward_exception}
  0x0000020facafbe0c: 0000 c3e9 | cc53 8aff | c5f8 7748 | 8945 f84c | 8be4 4883 | ec20 4883 

  0x0000020facafbe24: ;   {runtime_call}
  0x0000020facafbe24: e4f0 48b8 | 10f7 77f2 | fd7f 0000 | ffd0 498b | e44d 33e4 | 488b 45f8 | e942 feff | fff4 f4f4 
  0x0000020facafbe44: f4f4 f4f4 
[/MachCode]


Compiled method (c1) 156  448   !   3       jdk.internal.loader.BuiltinClassLoader::loadClassOrNull (143 bytes)
 total in heap  [0x0000020fa4fc0d88,0x0000020fa4fc1ed0] = 4424
 main code      [0x0000020fa4fc0e80,0x0000020fa4fc1e10] = 3984
 stub code      [0x0000020fa4fc1e10,0x0000020fa4fc1ed0] = 192
 mutable data [0x0000020fc10cfeb0,0x0000020fc10d0058] = 424
 relocation     [0x0000020fc10cfeb0,0x0000020fc10d0000] = 336
 metadata       [0x0000020fc10d0000,0x0000020fc10d0058] = 88
 immutable data [0x0000020fc10d4680,0x0000020fc10d4be0] = 1376
 dependencies   [0x0000020fc10d4680,0x0000020fc10d46a0] = 32
 nul chk table  [0x0000020fc10d46a0,0x0000020fc10d46c8] = 40
 handler table  [0x0000020fc10d46c8,0x0000020fc10d4818] = 336
 scopes pcs     [0x0000020fc10d4818,0x0000020fc10d49d8] = 448
 scopes data    [0x0000020fc10d49d8,0x0000020fc10d4be0] = 520

[Constant Pool (empty)]

[MachCode]
[Instructions begin]
  0x0000020fa4fc0e80: 6666 660f | 1f84 0000 | 0000 0066 | 6666 9066 | 6690 448b | 5208 443b 

  0x0000020fa4fc0e98: ;   {runtime_call Shared Runtime ic_miss_blob}
  0x0000020fa4fc0e98: 5008 0f85 | 40dc 4207 
[Verified Entry Point]
  0x0000020fa4fc0ea0: 8984 2400 | 80ff ff55 | 4881 ec90 | 0000 0090 | 4181 7f20 | 0100 0000 

  0x0000020fa4fc0eb8: ;   {runtime_call Stub::method_entry_barrier}
  0x0000020fa4fc0eb8: 7405 e881 | 3341 0748 | 8954 2440 

  0x0000020fa4fc0ec4: ;   {metadata(method data for {method} {0x000000009d1da318} 'loadClassOrNull' '(Ljava/lang/String;Z)Ljava/lang/Class;' in 'jdk/internal/loader/BuiltinClassLoader')}
  0x0000020fa4fc0ec4: 48be b898 | 0bbd 0f02 | 0000 8bbe | 9000 0000 | 83c7 0289 | be90 0000 | 0081 e7fe | 0700 0085 
  0x0000020fa4fc0ee4: ff0f 8444 | 0d00 0044 | 894c 2450 

  0x0000020fa4fc0ef0: ;   {metadata(method data for {method} {0x000000009d1da318} 'loadClassOrNull' '(Ljava/lang/String;Z)Ljava/lang/Class;' in 'jdk/internal/loader/BuiltinClassLoader')}
  0x0000020fa4fc0ef0: 488b f248 | bfb8 980b | bd0f 0200 | 008b 7608 | 41ba 0000 | 009d 4903 | f248 3bb7 | e000 0000 
  0x0000020fa4fc0f10: 750d 4883 | 87e8 0000 | 0001 e960 | 0000 0048 | 3bb7 f000 | 0000 750d | 4883 87f8 | 0000 0001 
  0x0000020fa4fc0f30: e94a 0000 | 0048 83bf | e000 0000 | 0075 1748 | 89b7 e000 | 0000 48c7 | 87e8 0000 | 0001 0000 
  0x0000020fa4fc0f50: 00e9 2900 | 0000 4883 | bff0 0000 | 0000 7517 | 4889 b7f0 | 0000 0048 | c787 f800 | 0000 0100 
  0x0000020fa4fc0f70: 0000 e908 | 0000 0048 | 8387 d800 | 0000 0149 | 8bf0 4c8b | c648 8bfa | 488b d748 | 8974 2448 
  0x0000020fa4fc0f90: 0f1f 8000 

  0x0000020fa4fc0f94: ;   {optimized virtual_call}
  0x0000020fa4fc0f94: 0000 00e8 

  0x0000020fa4fc0f98: ; ImmutableOopMap {[64]=Oop [72]=Oop }
                      ;*invokevirtual getClassLoadingLock {reexecute=0 rethrow=0 return_oop=0}
                      ; - jdk.internal.loader.BuiltinClassLoader::loadClassOrNull@2 (line 590)
  0x0000020fa4fc0f98: 84f7 ffff 

  0x0000020fa4fc0f9c: ;   {post_call_nop}
  0x0000020fa4fc0f9c: 0f1f 8400 | 1402 0000 | 4889 4424 | 5848 8d54 | 2478 488b | f048 8972 | 0848 8b06 | 418b bfd8 
  0x0000020fa4fc0fbc: 0600 0081 | ff28 0700 | 000f 8d8a | 0c00 0049 | 3b74 3ff8 | 0f84 2500 | 0000 a802 | 0f85 770c 
  0x0000020fa4fc0fdc: 0000 488b | f848 83e7 | fe48 83c8 | 01f0 480f | b13e 0f85 | 610c 0000 | 418b bfd8 | 0600 0049 
  0x0000020fa4fc0ffc: 8934 3f83 | c708 4189 | bfd8 0600 | 0048 8b54 

  0x0000020fa4fc100c: ;   {metadata(method data for {method} {0x000000009d1da318} 'loadClassOrNull' '(Ljava/lang/String;Z)Ljava/lang/Class;' in 'jdk/internal/loader/BuiltinClassLoader')}
  0x0000020fa4fc100c: 2440 48be | b898 0bbd | 0f02 0000 | 8b52 0841 | ba00 0000 | 9d49 03d2 | 483b 9610 | 0100 0075 
  0x0000020fa4fc102c: 0d48 8386 | 1801 0000 | 01e9 6000 | 0000 483b | 9620 0100 | 0075 0d48 | 8386 2801 | 0000 01e9 
  0x0000020fa4fc104c: 4a00 0000 | 4883 be10 | 0100 0000 | 7517 4889 | 9610 0100 | 0048 c786 | 1801 0000 | 0100 0000 
  0x0000020fa4fc106c: e929 0000 | 0048 83be | 2001 0000 | 0075 1748 | 8996 2001 | 0000 48c7 | 8628 0100 | 0001 0000 
  0x0000020fa4fc108c: 00e9 0800 | 0000 4883 | 8608 0100 

  0x0000020fa4fc1098: ;   {metadata(method data for {method} {0x000000009d4a3830} 'findLoadedClass' '(Ljava/lang/String;)Ljava/lang/Class;' in 'java/lang/ClassLoader')}
  0x0000020fa4fc1098: 0001 48ba | d0fe 07bd | 0f02 0000 | 8bb2 9000 | 0000 83c6 | 0289 b290 | 0000 0081 | e6fe ff1f 
  0x0000020fa4fc10b8: 0085 f60f | 84a7 0b00 

  0x0000020fa4fc10c0: ;   {metadata(method data for {method} {0x000000009d4a3830} 'findLoadedClass' '(Ljava/lang/String;)Ljava/lang/Class;' in 'java/lang/ClassLoader')}
  0x0000020fa4fc10c0: 0048 bad0 | fe07 bd0f | 0200 0048 | 8382 d800 | 0000 0148 | 8b54 2448 | 0f1f 8000 

  0x0000020fa4fc10dc: ;   {static_call}
  0x0000020fa4fc10dc: 0000 00e8 

  0x0000020fa4fc10e0: ; ImmutableOopMap {[64]=Oop [72]=Oop [88]=Oop [128]=Oop }
                      ;*invokestatic checkName {reexecute=0 rethrow=0 return_oop=0}
                      ; - java.lang.ClassLoader::findLoadedClass@1 (line 1232)
                      ; - jdk.internal.loader.BuiltinClassLoader::loadClassOrNull@10 (line 592)
  0x0000020fa4fc10e0: 1cbf fcff 

  0x0000020fa4fc10e4: ;   {post_call_nop}
  0x0000020fa4fc10e4: 0f1f 8400 | 5c03 0001 

  0x0000020fa4fc10ec: ;   {metadata(method data for {method} {0x000000009d4a3830} 'findLoadedClass' '(Ljava/lang/String;)Ljava/lang/Class;' in 'java/lang/ClassLoader')}
  0x0000020fa4fc10ec: 85c0 49b8 | d0fe 07bd | 0f02 0000 | bae8 0000 | 0075 05ba | f800 0000 | 498b 3410 | 488d 7601 
  0x0000020fa4fc110c: 4989 3410 | 0f85 0f00 

  0x0000020fa4fc1114: ;   {oop(nullptr)}
  0x0000020fa4fc1114: 0000 48be | 0000 0000 | 0000 0000 | e932 0000 | 0048 8b54 

  0x0000020fa4fc1128: ;   {metadata(method data for {method} {0x000000009d4a3830} 'findLoadedClass' '(Ljava/lang/String;)Ljava/lang/Class;' in 'java/lang/ClassLoader')}
  0x0000020fa4fc1128: 2440 49b8 | d0fe 07bd | 0f02 0000 | 4983 8008 | 0100 0001 | 4c8b 4424 | 4848 8b54 

  0x0000020fa4fc1144: ;   {optimized virtual_call}
  0x0000020fa4fc1144: 2440 90e8 

  0x0000020fa4fc1148: ; ImmutableOopMap {[64]=Oop [72]=Oop [88]=Oop [128]=Oop }
                      ;*invokevirtual findLoadedClass0 {reexecute=0 rethrow=0 return_oop=0}
                      ; - java.lang.ClassLoader::findLoadedClass@11 (line 1234)
                      ; - jdk.internal.loader.BuiltinClassLoader::loadClassOrNull@10 (line 592)
  0x0000020fa4fc1148: c400 b307 

  0x0000020fa4fc114c: ;   {post_call_nop}
  0x0000020fa4fc114c: 0f1f 8400 | c403 0002 | 488b f048 

  0x0000020fa4fc1158: ;   {metadata(method data for {method} {0x000000009d1da318} 'loadClassOrNull' '(Ljava/lang/String;Z)Ljava/lang/Class;' in 'jdk/internal/loader/BuiltinClassLoader')}
  0x0000020fa4fc1158: 85f6 49b8 | b898 0bbd | 0f02 0000 | ba38 0100 | 0075 05ba | 4801 0000 | 498b 3c10 | 488d 7f01 
  0x0000020fa4fc1178: 4989 3c10 | 0f85 e507 | 0000 4889 | 7424 6048 | 8b54 2440 

  0x0000020fa4fc118c: ;   {metadata(method data for {method} {0x000000009d1da318} 'loadClassOrNull' '(Ljava/lang/String;Z)Ljava/lang/Class;' in 'jdk/internal/loader/BuiltinClassLoader')}
  0x0000020fa4fc118c: 49b8 b898 | 0bbd 0f02 | 0000 4983 | 8058 0100 | 0001 4c8b | 4424 4848 | 8b54 2440 | 0f1f 8000 
  0x0000020fa4fc11ac: ;   {optimized virtual_call}
  0x0000020fa4fc11ac: 0000 00e8 

  0x0000020fa4fc11b0: ; ImmutableOopMap {[64]=Oop [72]=Oop [88]=Oop [96]=Oop [128]=Oop }
                      ;*invokevirtual findLoadedModule {reexecute=0 rethrow=0 return_oop=0}
                      ; - jdk.internal.loader.BuiltinClassLoader::loadClassOrNull@22 (line 597)
  0x0000020fa4fc11b0: 9f0c 0000 

  0x0000020fa4fc11b4: ;   {post_call_nop}
  0x0000020fa4fc11b4: 0f1f 8400 | 2c04 0003 

  0x0000020fa4fc11bc: ;   {metadata(method data for {method} {0x000000009d1da318} 'loadClassOrNull' '(Ljava/lang/String;Z)Ljava/lang/Class;' in 'jdk/internal/loader/BuiltinClassLoader')}
  0x0000020fa4fc11bc: 4885 c049 | b8b8 980b | bd0f 0200 | 0041 b988 | 0100 0074 | 0641 b998 | 0100 004b | 8b14 0848 
  0x0000020fa4fc11dc: 8d52 014b | 8914 0848 | 8b54 2440 | 0f84 5703 | 0000 483b | 004c 8bc0 

  0x0000020fa4fc11f4: ;   {metadata(method data for {method} {0x000000009d1da318} 'loadClassOrNull' '(Ljava/lang/String;Z)Ljava/lang/Class;' in 'jdk/internal/loader/BuiltinClassLoader')}
  0x0000020fa4fc11f4: 49b9 b898 | 0bbd 0f02 

  0x0000020fa4fc11fc: ;   {metadata('jdk/internal/loader/BuiltinClassLoader$LoadedModule')}
  0x0000020fa4fc11fc: 0000 49ba | 807a 2a9d | 0000 0000 | 4d89 91b0 | 0100 0049 | 8381 b801 | 0000 018b | 700c 48c1 
  0x0000020fa4fc121c: e603 483b 

  0x0000020fa4fc1220: ;   {metadata(method data for {method} {0x000000009d1da318} 'loadClassOrNull' '(Ljava/lang/String;Z)Ljava/lang/Class;' in 'jdk/internal/loader/BuiltinClassLoader')}
  0x0000020fa4fc1220: f249 b8b8 | 980b bd0f | 0200 0041 | b9d8 0100 | 0075 0641 | b9e8 0100 | 004b 8b3c | 0848 8d7f 
  0x0000020fa4fc1240: 014b 893c | 080f 856a 

  0x0000020fa4fc1248: ;   {metadata(method data for {method} {0x000000009d1da318} 'loadClassOrNull' '(Ljava/lang/String;Z)Ljava/lang/Class;' in 'jdk/internal/loader/BuiltinClassLoader')}
  0x0000020fa4fc1248: 0100 0049 | b8b8 980b | bd0f 0200 | 0049 8380 | f801 0000 

  0x0000020fa4fc125c: ;   {metadata(method data for {method} {0x000000009d4a9620} 'isModuleSystemInited' '()Z' in 'jdk/internal/misc/VM')}
  0x0000020fa4fc125c: 0149 b860 | 9f0b bd0f | 0200 0045 | 8b88 9000 | 0000 4183 | c102 4589 | 8890 0000 | 0041 81e1 
  0x0000020fa4fc127c: feff 1f00 | 4585 c90f | 8405 0a00 

  0x0000020fa4fc1288: ;   {oop(a 'java/lang/Class'{0x00000007ffeabef0} = 'jdk/internal/misc/VM')}
  0x0000020fa4fc1288: 0049 b8f0 | beea ff07 | 0000 0045 | 8b80 a400 | 0000 4183 

  0x0000020fa4fc129c: ;   {metadata(method data for {method} {0x000000009d4a9620} 'isModuleSystemInited' '()Z' in 'jdk/internal/misc/VM')}
  0x0000020fa4fc129c: f802 49b8 | 609f 0bbd | 0f02 0000 | 41b9 d800 | 0000 7c06 | 41b9 e800 | 0000 4b8b | 3408 488d 
  0x0000020fa4fc12bc: 7601 4b89 | 3408 0f8c | 1c00 0000 

  0x0000020fa4fc12c8: ;   {metadata(method data for {method} {0x000000009d4a9620} 'isModuleSystemInited' '()Z' in 'jdk/internal/misc/VM')}
  0x0000020fa4fc12c8: 49b8 609f | 0bbd 0f02 | 0000 41ff | 80f8 0000 | 0041 b801 | 0000 00e9 | 0600 0000 | 41b8 0000 
  0x0000020fa4fc12e8: 0000 4183 | e001 4585 

  0x0000020fa4fc12f0: ;   {metadata(method data for {method} {0x000000009d1da318} 'loadClassOrNull' '(Ljava/lang/String;Z)Ljava/lang/Class;' in 'jdk/internal/loader/BuiltinClassLoader')}
  0x0000020fa4fc12f0: c049 b8b8 | 980b bd0f | 0200 0041 | b918 0200 | 0075 0641 | b908 0200 | 004b 8b34 | 0848 8d76 
  0x0000020fa4fc1310: 014b 8934 | 080f 850a | 0000 0048 | 8b74 2460 | e90a 0200 | 004c 8bc2 

  0x0000020fa4fc1328: ;   {metadata(method data for {method} {0x000000009d1da318} 'loadClassOrNull' '(Ljava/lang/String;Z)Ljava/lang/Class;' in 'jdk/internal/loader/BuiltinClassLoader')}
  0x0000020fa4fc1328: 49b9 b898 | 0bbd 0f02 | 0000 4983 | 8128 0200 

  0x0000020fa4fc1338: ;   {metadata(method data for {method} {0x000000009d1da9a0} 'findClassInModuleOrNull' '(Ljdk/internal/loader/BuiltinClassLoader$LoadedModule;Ljava/lang/String;)Ljava/lang/Class;' in 'jdk/internal/loader/BuiltinClassLoader')}
  0x0000020fa4fc1338: 0001 49b8 | 88a0 0bbd | 0f02 0000 | 458b 8890 | 0000 0041 | 83c1 0245 | 8988 9000 | 0000 4181 
  0x0000020fa4fc1358: e1fe ff1f | 0045 85c9 | 0f84 4909 | 0000 4c8b 

  0x0000020fa4fc1368: ;   {metadata(method data for {method} {0x000000009d1da9a0} 'findClassInModuleOrNull' '(Ljdk/internal/loader/BuiltinClassLoader$LoadedModule;Ljava/lang/String;)Ljava/lang/Class;' in 'jdk/internal/loader/BuiltinClassLoader')}
  0x0000020fa4fc1368: c249 b988 | a00b bd0f | 0200 0049 | 8381 d800 | 0000 014c | 8b44 2448 | 4c8b c848 | 8bf2 488b 
  0x0000020fa4fc1388: d666 0f1f 

  0x0000020fa4fc138c: ;   {optimized virtual_call}
  0x0000020fa4fc138c: 4400 00e8 

  0x0000020fa4fc1390: ; ImmutableOopMap {[64]=Oop [88]=Oop [128]=Oop }
                      ;*invokevirtual defineClass {reexecute=0 rethrow=0 return_oop=0}
                      ; - jdk.internal.loader.BuiltinClassLoader::findClassInModuleOrNull@3 (line 678)
                      ; - jdk.internal.loader.BuiltinClassLoader::loadClassOrNull@55 (line 604)
  0x0000020fa4fc1390: 4cda 4207 

  0x0000020fa4fc1394: ;   {post_call_nop}
  0x0000020fa4fc1394: 0f1f 8400 | 0c06 0004 

  0x0000020fa4fc139c: ;   {metadata(method data for {method} {0x000000009d1da318} 'loadClassOrNull' '(Ljava/lang/String;Z)Ljava/lang/Class;' in 'jdk/internal/loader/BuiltinClassLoader')}
  0x0000020fa4fc139c: 49b8 b898 | 0bbd 0f02 | 0000 41ff | 8058 0200 | 0048 8bf0 | e97a 0100 | 0048 3b06 

  0x0000020fa4fc13b8: ;   {metadata(method data for {method} {0x000000009d1da318} 'loadClassOrNull' '(Ljava/lang/String;Z)Ljava/lang/Class;' in 'jdk/internal/loader/BuiltinClassLoader')}
  0x0000020fa4fc13b8: 4c8b c649 | b9b8 980b | bd0f 0200 | 0045 8b40 | 0841 ba00 | 0000 9d4d | 03c2 4d3b | 8178 0200 
  0x0000020fa4fc13d8: 0075 0d49 | 8381 8002 | 0000 01e9 | 6000 0000 | 4d3b 8188 | 0200 0075 | 0d49 8381 | 9002 0000 
  0x0000020fa4fc13f8: 01e9 4a00 | 0000 4983 | b978 0200 | 0000 7517 | 4d89 8178 | 0200 0049 | c781 8002 | 0000 0100 
  0x0000020fa4fc1418: 0000 e929 | 0000 0049 | 83b9 8802 | 0000 0075 | 174d 8981 | 8802 0000 | 49c7 8190 | 0200 0001 
  0x0000020fa4fc1438: 0000 00e9 | 0800 0000 | 4983 8170 | 0200 0001 

  0x0000020fa4fc1448: ;   {metadata(method data for {method} {0x000000009d1daa50} 'loadClassOrNull' '(Ljava/lang/String;)Ljava/lang/Class;' in 'jdk/internal/loader/BuiltinClassLoader')}
  0x0000020fa4fc1448: 49b8 e8a6 | 0bbd 0f02 | 0000 458b | 8890 0000 | 0041 83c1 | 0245 8988 | 9000 0000 | 4181 e1fe 
  0x0000020fa4fc1468: ff1f 0045 | 85c9 0f84 | 6108 0000 

  0x0000020fa4fc1474: ;   {metadata(method data for {method} {0x000000009d1daa50} 'loadClassOrNull' '(Ljava/lang/String;)Ljava/lang/Class;' in 'jdk/internal/loader/BuiltinClassLoader')}
  0x0000020fa4fc1474: 4c8b c649 | b9e8 a60b | bd0f 0200 | 0045 8b40 | 0841 ba00 | 0000 9d4d | 03c2 4d3b | 81e0 0000 
  0x0000020fa4fc1494: 0075 0d49 | 8381 e800 | 0000 01e9 | 6000 0000 | 4d3b 81f0 | 0000 0075 | 0d49 8381 | f800 0000 
  0x0000020fa4fc14b4: 01e9 4a00 | 0000 4983 | b9e0 0000 | 0000 7517 | 4d89 81e0 | 0000 0049 | c781 e800 | 0000 0100 
  0x0000020fa4fc14d4: 0000 e929 | 0000 0049 | 83b9 f000 | 0000 0075 | 174d 8981 | f000 0000 | 49c7 81f8 | 0000 0001 
  0x0000020fa4fc14f4: 0000 00e9 | 0800 0000 | 4983 81d8 | 0000 0001 | 4c8b 4424 | 4841 b900 | 0000 0048 | 8bd6 6666 
  0x0000020fa4fc1514: 9048 b8e0 | 0e0d c10f 

  0x0000020fa4fc151c: ;   {virtual_call}
  0x0000020fa4fc151c: 0200 00e8 

  0x0000020fa4fc1520: ; ImmutableOopMap {[64]=Oop [88]=Oop [128]=Oop }
                      ;*invokevirtual loadClassOrNull {reexecute=0 rethrow=0 return_oop=0}
                      ; - jdk.internal.loader.BuiltinClassLoader::loadClassOrNull@3 (line 639)
                      ; - jdk.internal.loader.BuiltinClassLoader::loadClassOrNull@66 (line 608)
  0x0000020fa4fc1520: 75a5 4207 

  0x0000020fa4fc1524: ;   {post_call_nop}
  0x0000020fa4fc1524: 0f1f 8400 | 9c07 0005 

  0x0000020fa4fc152c: ;   {metadata(method data for {method} {0x000000009d1da318} 'loadClassOrNull' '(Ljava/lang/String;Z)Ljava/lang/Class;' in 'jdk/internal/loader/BuiltinClassLoader')}
  0x0000020fa4fc152c: 488b f049 | b8b8 980b | bd0f 0200 | 0041 ff80 | a002 0000 | e922 0400 | 008b 7254 | 48c1 e603 
  0x0000020fa4fc154c: ;   {metadata(method data for {method} {0x000000009d1da318} 'loadClassOrNull' '(Ljava/lang/String;Z)Ljava/lang/Class;' in 'jdk/internal/loader/BuiltinClassLoader')}
  0x0000020fa4fc154c: 4885 f649 | b8b8 980b | bd0f 0200 | 0041 b9c8 | 0200 0075 | 0641 b9b8 | 0200 004b | 8b3c 0848 
  0x0000020fa4fc156c: 8d7f 014b | 893c 080f | 850a 0000 | 0048 8b74 | 2460 e97c | 0100 0048 | 3b06 4c8b 

  0x0000020fa4fc1588: ;   {metadata(method data for {method} {0x000000009d1da318} 'loadClassOrNull' '(Ljava/lang/String;Z)Ljava/lang/Class;' in 'jdk/internal/loader/BuiltinClassLoader')}
  0x0000020fa4fc1588: c649 b9b8 | 980b bd0f | 0200 0045 | 8b40 0841 | ba00 0000 | 9d4d 03c2 | 4d3b 81e0 | 0200 0075 
  0x0000020fa4fc15a8: 0d49 8381 | e802 0000 | 01e9 6000 | 0000 4d3b | 81f0 0200 | 0075 0d49 | 8381 f802 | 0000 01e9 
  0x0000020fa4fc15c8: 4a00 0000 | 4983 b9e0 | 0200 0000 | 7517 4d89 | 81e0 0200 | 0049 c781 | e802 0000 | 0100 0000 
  0x0000020fa4fc15e8: e929 0000 | 0049 83b9 | f002 0000 | 0075 174d | 8981 f002 | 0000 49c7 | 81f8 0200 | 0001 0000 
  0x0000020fa4fc1608: 00e9 0800 | 0000 4983 | 81d8 0200 

  0x0000020fa4fc1614: ;   {metadata(method data for {method} {0x000000009d1daa50} 'loadClassOrNull' '(Ljava/lang/String;)Ljava/lang/Class;' in 'jdk/internal/loader/BuiltinClassLoader')}
  0x0000020fa4fc1614: 0001 49b8 | e8a6 0bbd | 0f02 0000 | 458b 8890 | 0000 0041 | 83c1 0245 | 8988 9000 | 0000 4181 
  0x0000020fa4fc1634: e1fe ff1f | 0045 85c9 | 0f84 b906 | 0000 4c8b 

  0x0000020fa4fc1644: ;   {metadata(method data for {method} {0x000000009d1daa50} 'loadClassOrNull' '(Ljava/lang/String;)Ljava/lang/Class;' in 'jdk/internal/loader/BuiltinClassLoader')}
  0x0000020fa4fc1644: c649 b9e8 | a60b bd0f | 0200 0045 | 8b40 0841 | ba00 0000 | 9d4d 03c2 | 4d3b 81e0 | 0000 0075 
  0x0000020fa4fc1664: 0d49 8381 | e800 0000 | 01e9 6000 | 0000 4d3b | 81f0 0000 | 0075 0d49 | 8381 f800 | 0000 01e9 
  0x0000020fa4fc1684: 4a00 0000 | 4983 b9e0 | 0000 0000 | 7517 4d89 | 81e0 0000 | 0049 c781 | e800 0000 | 0100 0000 
  0x0000020fa4fc16a4: e929 0000 | 0049 83b9 | f000 0000 | 0075 174d | 8981 f000 | 0000 49c7 | 81f8 0000 | 0001 0000 
  0x0000020fa4fc16c4: 00e9 0800 | 0000 4983 | 81d8 0000 | 0001 4c8b | 4424 4841 | b900 0000 | 0048 8bd6 | 0f1f 4400 
  0x0000020fa4fc16e4: 0048 b808 | 0f0d c10f 

  0x0000020fa4fc16ec: ;   {virtual_call}
  0x0000020fa4fc16ec: 0200 00e8 

  0x0000020fa4fc16f0: ; ImmutableOopMap {[64]=Oop [72]=Oop [88]=Oop [128]=Oop }
                      ;*invokevirtual loadClassOrNull {reexecute=0 rethrow=0 return_oop=0}
                      ; - jdk.internal.loader.BuiltinClassLoader::loadClassOrNull@3 (line 639)
                      ; - jdk.internal.loader.BuiltinClassLoader::loadClassOrNull@86 (line 615)
  0x0000020fa4fc16f0: 1498 5107 

  0x0000020fa4fc16f4: ;   {post_call_nop}
  0x0000020fa4fc16f4: 0f1f 8400 | 6c09 0006 | 488b f048 

  0x0000020fa4fc1700: ;   {metadata(method data for {method} {0x000000009d1da318} 'loadClassOrNull' '(Ljava/lang/String;Z)Ljava/lang/Class;' in 'jdk/internal/loader/BuiltinClassLoader')}
  0x0000020fa4fc1700: 85f6 49b8 | b898 0bbd | 0f02 0000 | ba08 0300 | 0075 05ba | 1803 0000 | 498b 3c10 | 488d 7f01 
  0x0000020fa4fc1720: 4989 3c10 | 0f85 3d02 | 0000 488b | 5424 404c 

  0x0000020fa4fc1730: ;   {metadata(method data for {method} {0x000000009d1da318} 'loadClassOrNull' '(Ljava/lang/String;Z)Ljava/lang/Class;' in 'jdk/internal/loader/BuiltinClassLoader')}
  0x0000020fa4fc1730: 8bc2 48bf | b898 0bbd | 0f02 0000 | 458b 4008 | 41ba 0000 | 009d 4d03 | c24c 3b87 | 3003 0000 
  0x0000020fa4fc1750: 750d 4883 | 8738 0300 | 0001 e960 | 0000 004c | 3b87 4003 | 0000 750d | 4883 8748 | 0300 0001 
  0x0000020fa4fc1770: e94a 0000 | 0048 83bf | 3003 0000 | 0075 174c | 8987 3003 | 0000 48c7 | 8738 0300 | 0001 0000 
  0x0000020fa4fc1790: 00e9 2900 | 0000 4883 | bf40 0300 | 0000 7517 | 4c89 8740 | 0300 0048 | c787 4803 | 0000 0100 
  0x0000020fa4fc17b0: 0000 e908 | 0000 0048 | 8387 2803 

  0x0000020fa4fc17bc: ;   {metadata(method data for {method} {0x000000009d1da2c0} 'hasClassPath' '()Z' in 'jdk/internal/loader/BuiltinClassLoader')}
  0x0000020fa4fc17bc: 0000 0149 | b838 a80b | bd0f 0200 | 0041 8bb8 | 9000 0000 | 83c7 0241 | 89b8 9000 | 0000 81e7 
  0x0000020fa4fc17dc: feff 1f00 | 85ff 0f84 | 3405 0000 | 448b 4258 | 49c1 e003 

  0x0000020fa4fc17f0: ;   {metadata(method data for {method} {0x000000009d1da2c0} 'hasClassPath' '()Z' in 'jdk/internal/loader/BuiltinClassLoader')}
  0x0000020fa4fc17f0: 4d85 c049 | b838 a80b | bd0f 0200 | 00bf d800 | 0000 7405 | bfe8 0000 | 0049 8b1c | 3848 8d5b 
  0x0000020fa4fc1810: 0149 891c | 380f 841c 

  0x0000020fa4fc1818: ;   {metadata(method data for {method} {0x000000009d1da2c0} 'hasClassPath' '()Z' in 'jdk/internal/loader/BuiltinClassLoader')}
  0x0000020fa4fc1818: 0000 0049 | b838 a80b | bd0f 0200 | 0041 ff80 | f800 0000 | 41b8 0100 | 0000 e906 | 0000 0041 
  0x0000020fa4fc1838: b800 0000 | 0041 83e0 | 0145 85c0 

  0x0000020fa4fc1844: ;   {metadata(method data for {method} {0x000000009d1da318} 'loadClassOrNull' '(Ljava/lang/String;Z)Ljava/lang/Class;' in 'jdk/internal/loader/BuiltinClassLoader')}
  0x0000020fa4fc1844: 49b8 b898 | 0bbd 0f02 | 0000 bf58 | 0300 0074 | 05bf 6803 | 0000 498b | 1c38 488d | 5b01 4989 
  0x0000020fa4fc1864: 1c38 0f84 | fb00 0000 

  0x0000020fa4fc186c: ;   {metadata(method data for {method} {0x000000009d1da318} 'loadClassOrNull' '(Ljava/lang/String;Z)Ljava/lang/Class;' in 'jdk/internal/loader/BuiltinClassLoader')}
  0x0000020fa4fc186c: 49b8 b898 | 0bbd 0f02 | 0000 4983 | 8078 0300 

  0x0000020fa4fc187c: ;   {metadata(method data for {method} {0x000000009d4a9620} 'isModuleSystemInited' '()Z' in 'jdk/internal/misc/VM')}
  0x0000020fa4fc187c: 0001 49b8 | 609f 0bbd | 0f02 0000 | 418b b890 | 0000 0083 | c702 4189 | b890 0000 | 0081 e7fe 
  0x0000020fa4fc189c: ff1f 0085 | ff0f 8496 

  0x0000020fa4fc18a4: ;   {oop(a 'java/lang/Class'{0x00000007ffeabef0} = 'jdk/internal/misc/VM')}
  0x0000020fa4fc18a4: 0400 0049 | b8f0 beea | ff07 0000 | 0045 8b80 | a400 0000 | 4183 f802 

  0x0000020fa4fc18bc: ;   {metadata(method data for {method} {0x000000009d4a9620} 'isModuleSystemInited' '()Z' in 'jdk/internal/misc/VM')}
  0x0000020fa4fc18bc: 49b8 609f | 0bbd 0f02 | 0000 bfd8 | 0000 007c | 05bf e800 | 0000 498b | 1c38 488d | 5b01 4989 
  0x0000020fa4fc18dc: 1c38 0f8c | 1c00 0000 

  0x0000020fa4fc18e4: ;   {metadata(method data for {method} {0x000000009d4a9620} 'isModuleSystemInited' '()Z' in 'jdk/internal/misc/VM')}
  0x0000020fa4fc18e4: 49b8 609f | 0bbd 0f02 | 0000 41ff | 80f8 0000 | 0041 b801 | 0000 00e9 | 0600 0000 | 41b8 0000 
  0x0000020fa4fc1904: 0000 4183 | e001 4585 

  0x0000020fa4fc190c: ;   {metadata(method data for {method} {0x000000009d1da318} 'loadClassOrNull' '(Ljava/lang/String;Z)Ljava/lang/Class;' in 'jdk/internal/loader/BuiltinClassLoader')}
  0x0000020fa4fc190c: c049 b8b8 | 980b bd0f | 0200 00bf | 8803 0000 | 7405 bf98 | 0300 0049 | 8b1c 3848 | 8d5b 0149 
  0x0000020fa4fc192c: 891c 380f | 8432 0000 | 004c 8b44 | 2448 488b 

  0x0000020fa4fc193c: ;   {metadata(method data for {method} {0x000000009d1da318} 'loadClassOrNull' '(Ljava/lang/String;Z)Ljava/lang/Class;' in 'jdk/internal/loader/BuiltinClassLoader')}
  0x0000020fa4fc193c: f248 bfb8 | 980b bd0f | 0200 0048 | 8387 a803 | 0000 0148 | 8bf2 488b 

  0x0000020fa4fc1954: ;   {optimized virtual_call}
  0x0000020fa4fc1954: d666 90e8 

  0x0000020fa4fc1958: ; ImmutableOopMap {[64]=Oop [88]=Oop [128]=Oop }
                      ;*invokevirtual findClassOnClassPathOrNull {reexecute=0 rethrow=0 return_oop=0}
                      ; - jdk.internal.loader.BuiltinClassLoader::loadClassOrNull@111 (line 620)
  0x0000020fa4fc1958: 1505 0000 

  0x0000020fa4fc195c: ;   {post_call_nop}
  0x0000020fa4fc195c: 0f1f 8400 | d40b 0007 | 488b f044 | 8b4c 2450 

  0x0000020fa4fc196c: ;   {metadata(method data for {method} {0x000000009d1da318} 'loadClassOrNull' '(Ljava/lang/String;Z)Ljava/lang/Class;' in 'jdk/internal/loader/BuiltinClassLoader')}
  0x0000020fa4fc196c: 4585 c948 | b8b8 980b | bd0f 0200 | 00ba d803 | 0000 7405 | bae8 0300 | 0048 8b3c | 1048 8d7f 
  0x0000020fa4fc198c: 0148 893c | 100f 840e | 0100 0048 

  0x0000020fa4fc1998: ;   {metadata(method data for {method} {0x000000009d1da318} 'loadClassOrNull' '(Ljava/lang/String;Z)Ljava/lang/Class;' in 'jdk/internal/loader/BuiltinClassLoader')}
  0x0000020fa4fc1998: 85f6 48b8 | b898 0bbd | 0f02 0000 | baf8 0300 | 0074 05ba | 0804 0000 | 488b 3c10 | 488d 7f01 
  0x0000020fa4fc19b8: 4889 3c10 | 0f84 e300 | 0000 488b 

  0x0000020fa4fc19c4: ;   {metadata(method data for {method} {0x000000009d1da318} 'loadClassOrNull' '(Ljava/lang/String;Z)Ljava/lang/Class;' in 'jdk/internal/loader/BuiltinClassLoader')}
  0x0000020fa4fc19c4: 5424 4048 | b8b8 980b | bd0f 0200 | 008b 5208 | 41ba 0000 | 009d 4903 | d248 3b90 | 2004 0000 
  0x0000020fa4fc19e4: 750d 4883 | 8028 0400 | 0001 e960 | 0000 0048 | 3b90 3004 | 0000 750d | 4883 8038 | 0400 0001 
  0x0000020fa4fc1a04: e94a 0000 | 0048 83b8 | 2004 0000 | 0075 1748 | 8990 2004 | 0000 48c7 | 8028 0400 | 0001 0000 
  0x0000020fa4fc1a24: 00e9 2900 | 0000 4883 | b830 0400 | 0000 7517 | 4889 9030 | 0400 0048 | c780 3804 | 0000 0100 
  0x0000020fa4fc1a44: 0000 e908 | 0000 0048 | 8380 1804 

  0x0000020fa4fc1a50: ;   {metadata(method data for {method} {0x000000009d4a3780} 'resolveClass' '(Ljava/lang/Class;)V' in 'java/lang/ClassLoader')}
  0x0000020fa4fc1a50: 0000 0148 | b890 ab0b | bd0f 0200 | 008b 9090 | 0000 0083 | c202 8990 | 9000 0000 | 81e2 feff 
  0x0000020fa4fc1a70: 1f00 85d2 | 0f84 e402 | 0000 4885 

  0x0000020fa4fc1a7c: ;   {metadata(method data for {method} {0x000000009d4a3780} 'resolveClass' '(Ljava/lang/Class;)V' in 'java/lang/ClassLoader')}
  0x0000020fa4fc1a7c: f648 b890 | ab0b bd0f | 0200 00ba | e800 0000 | 7405 bad8 | 0000 0048 | 8b3c 1048 | 8d7f 0148 
  0x0000020fa4fc1a9c: 893c 100f | 846e 0000 | 0048 8d44 | 2478 488b | 7808 418b | 97d8 0600 | 0049 3b7c | 17f8 0f85 
  0x0000020fa4fc1abc: bf02 0000 | 4183 afd8 | 0600 0008 | 493b 7c17 | f00f 842a | 0000 0048 | 8b07 a802 | 0f85 1200 
  0x0000020fa4fc1adc: 0000 488b | d048 83ca | 01f0 480f | b117 0f84 | 0d00 0000 | 4183 87d8 | 0600 0008 | e982 0200 
  0x0000020fa4fc1afc: 0048 8bc6 | 4881 c490 | 0000 005d 

  0x0000020fa4fc1b08: ;   {poll_return}
  0x0000020fa4fc1b08: 493b 6728 | 0f87 8002 | 0000 c348 | 8974 2470 

  0x0000020fa4fc1b18: ;   {other}
  0x0000020fa4fc1b18: e99a 0200 | 0000 0000 | 0000 498b | 87c8 0100 | 0048 8d78 | 3049 3bbf | d801 0000 | 0f87 8702 
  0x0000020fa4fc1b38: 0000 4989 | bfc8 0100 | 0048 c700 | 0100 0000 | 488b ca41 | ba00 0000 | 9d49 2bca | 8948 0848 
  0x0000020fa4fc1b58: 33c9 8948 | 0c48 33c9 | 4889 4810 | 4889 4818 | 4889 4820 | 4889 4828 

  0x0000020fa4fc1b70: ;   {metadata(method data for {method} {0x000000009d4a3780} 'resolveClass' '(Ljava/lang/Class;)V' in 'java/lang/ClassLoader')}
  0x0000020fa4fc1b70: 488b d048 | be90 ab0b | bd0f 0200 | 0048 8386 | f800 0000 | 0148 8bd0 | 4889 4424 

  0x0000020fa4fc1b8c: ;   {optimized virtual_call}
  0x0000020fa4fc1b8c: 6866 90e8 

  0x0000020fa4fc1b90: ; ImmutableOopMap {[88]=Oop [104]=Oop [112]=Oop [128]=Oop }
                      ;*invokespecial <init> {reexecute=0 rethrow=0 return_oop=0}
                      ; - java.lang.ClassLoader::resolveClass@8 (line 1172)
                      ; - jdk.internal.loader.BuiltinClassLoader::loadClassOrNull@128 (line 627)
  0x0000020fa4fc1b90: 4cd2 4207 

  0x0000020fa4fc1b94: ;   {post_call_nop}
  0x0000020fa4fc1b94: 0f1f 8400 | 0c0e 0008 | 488b 4424 

  0x0000020fa4fc1ba0: ; ImmutableOopMap {rax=Oop [88]=Oop [112]=Oop [128]=Oop }
                      ;*athrow {reexecute=1 rethrow=0 return_oop=0}
                      ; - (reexecute) java.lang.ClassLoader::resolveClass@11 (line 1172)
                      ; - jdk.internal.loader.BuiltinClassLoader::loadClassOrNull@128 (line 627)
                      ;   {section_word}
  0x0000020fa4fc1ba0: 6848 baa1 | 1bfc a40f 

  0x0000020fa4fc1ba8: ;   {runtime_call C1 Runtime handle_exception_nofpu_blob}
  0x0000020fa4fc1ba8: 0200 00e8 | 308b 4f07 | 9049 8b87 | 8805 0000 | 4d33 d24d | 8997 8805 | 0000 4d33 | d24d 8997 
  0x0000020fa4fc1bc8: 9005 0000 | 488b f048 | 8d44 2478 | 488b 5808 | 418b bfd8 | 0600 0049 | 3b5c 3ff8 | 0f85 e401 
  0x0000020fa4fc1be8: 0000 4183 | afd8 0600 | 0008 493b | 5c3f f00f | 842a 0000 | 0048 8b03 | a802 0f85 | 1200 0000 
  0x0000020fa4fc1c08: 488b f848 | 83cf 01f0 | 480f b13b | 0f84 0d00 | 0000 4183 | 87d8 0600 | 0008 e9a7 | 0100 0048 
  0x0000020fa4fc1c28: 8bc6 e9cf 

  0x0000020fa4fc1c2c: ;   {metadata({method} {0x000000009d1da318} 'loadClassOrNull' '(Ljava/lang/String;Z)Ljava/lang/Class;' in 'jdk/internal/loader/BuiltinClassLoader')}
  0x0000020fa4fc1c2c: 0100 0049 | ba10 a31d | 9d00 0000 | 004c 8954 | 2408 48c7 | 0424 ffff 

  0x0000020fa4fc1c44: ;   {runtime_call C1 Runtime counter_overflow_blob}
  0x0000020fa4fc1c44: ffff e815 

  0x0000020fa4fc1c48: ; ImmutableOopMap {rdx=Oop r8=Oop [64]=Oop }
                      ;*synchronization entry
                      ; - jdk.internal.loader.BuiltinClassLoader::loadClassOrNull@-1 (line 590)
  0x0000020fa4fc1c48: ca4f 07e9 | 9bf2 ffff 

  0x0000020fa4fc1c50: ;   {runtime_call C1 Runtime throw_null_pointer_exception_blob}
  0x0000020fa4fc1c50: e88b 724f 

  0x0000020fa4fc1c54: ; ImmutableOopMap {rsi=Oop [64]=Oop [72]=Oop [88]=Oop }
                      ;*monitorenter {reexecute=0 rethrow=0 return_oop=0}
                      ; - jdk.internal.loader.BuiltinClassLoader::loadClassOrNull@7 (line 590)
  0x0000020fa4fc1c54: 0748 8974 | 2408 4889 

  0x0000020fa4fc1c5c: ;   {runtime_call C1 Runtime monitorenter_nofpu_blob}
  0x0000020fa4fc1c5c: 1424 e8fd 

  0x0000020fa4fc1c60: ; ImmutableOopMap {rsi=Oop [64]=Oop [72]=Oop [88]=Oop [128]=Oop }
                      ;*monitorenter {reexecute=0 rethrow=0 return_oop=0}
                      ; - jdk.internal.loader.BuiltinClassLoader::loadClassOrNull@7 (line 590)
  0x0000020fa4fc1c60: a84f 07e9 | a1f3 ffff 

  0x0000020fa4fc1c68: ;   {metadata({method} {0x000000009d4a3830} 'findLoadedClass' '(Ljava/lang/String;)Ljava/lang/Class;' in 'java/lang/ClassLoader')}
  0x0000020fa4fc1c68: 49ba 2838 | 4a9d 0000 | 0000 4c89 | 5424 0848 | c704 24ff 

  0x0000020fa4fc1c7c: ;   {runtime_call C1 Runtime counter_overflow_blob}
  0x0000020fa4fc1c7c: ffff ffe8 

  0x0000020fa4fc1c80: ; ImmutableOopMap {[64]=Oop [72]=Oop [88]=Oop [128]=Oop }
                      ;*synchronization entry
                      ; - java.lang.ClassLoader::findLoadedClass@-1 (line 1232)
                      ; - jdk.internal.loader.BuiltinClassLoader::loadClassOrNull@10 (line 592)
  0x0000020fa4fc1c80: dcc9 4f07 | e938 f4ff 

  0x0000020fa4fc1c88: ;   {runtime_call C1 Runtime throw_null_pointer_exception_blob}
  0x0000020fa4fc1c88: ffe8 5272 

  0x0000020fa4fc1c8c: ; ImmutableOopMap {rax=Oop rdx=Oop [64]=Oop [72]=Oop [88]=Oop [96]=Oop [128]=Oop }
                      ;*invokevirtual loader {reexecute=0 rethrow=0 return_oop=0}
                      ; - jdk.internal.loader.BuiltinClassLoader::loadClassOrNull@34 (line 601)
                      ;   {metadata({method} {0x000000009d4a9620} 'isModuleSystemInited' '()Z' in 'jdk/internal/misc/VM')}
  0x0000020fa4fc1c8c: 4f07 49ba | 1896 4a9d | 0000 0000 | 4c89 5424 | 0848 c704 | 24ff ffff 

  0x0000020fa4fc1ca4: ;   {runtime_call C1 Runtime counter_overflow_blob}
  0x0000020fa4fc1ca4: ffe8 b6c9 

  0x0000020fa4fc1ca8: ; ImmutableOopMap {rax=Oop rdx=Oop [64]=Oop [72]=Oop [88]=Oop [96]=Oop [128]=Oop }
                      ;*synchronization entry
                      ; - jdk.internal.misc.VM::isModuleSystemInited@-1 (line 93)
                      ; - jdk.internal.loader.BuiltinClassLoader::loadClassOrNull@45 (line 603)
  0x0000020fa4fc1ca8: 4f07 e9da 

  0x0000020fa4fc1cac: ;   {metadata({method} {0x000000009d1da9a0} 'findClassInModuleOrNull' '(Ljdk/internal/loader/BuiltinClassLoader$LoadedModule;Ljava/lang/String;)Ljava/lang/Class;' in 'jdk/internal/loader/BuiltinClassLoader')}
  0x0000020fa4fc1cac: f5ff ff49 | ba98 a91d | 9d00 0000 | 004c 8954 | 2408 48c7 | 0424 ffff 

  0x0000020fa4fc1cc4: ;   {runtime_call C1 Runtime counter_overflow_blob}
  0x0000020fa4fc1cc4: ffff e895 

  0x0000020fa4fc1cc8: ; ImmutableOopMap {rdx=Oop rax=Oop [64]=Oop [72]=Oop [88]=Oop [128]=Oop }
                      ;*synchronization entry
                      ; - jdk.internal.loader.BuiltinClassLoader::findClassInModuleOrNull@-1 (line 678)
                      ; - jdk.internal.loader.BuiltinClassLoader::loadClassOrNull@55 (line 604)
  0x0000020fa4fc1cc8: c94f 07e9 | 96f6 ffff 

  0x0000020fa4fc1cd0: ;   {runtime_call C1 Runtime throw_null_pointer_exception_blob}
  0x0000020fa4fc1cd0: e80b 724f 

  0x0000020fa4fc1cd4: ; ImmutableOopMap {rsi=Oop [64]=Oop [72]=Oop [88]=Oop [128]=Oop }
                      ;*invokevirtual loadClassOrNull {reexecute=0 rethrow=0 return_oop=0}
                      ; - jdk.internal.loader.BuiltinClassLoader::loadClassOrNull@66 (line 608)
                      ;   {metadata({method} {0x000000009d1daa50} 'loadClassOrNull' '(Ljava/lang/String;)Ljava/lang/Class;' in 'jdk/internal/loader/BuiltinClassLoader')}
  0x0000020fa4fc1cd4: 0749 ba48 | aa1d 9d00 | 0000 004c | 8954 2408 | 48c7 0424 | ffff ffff 

  0x0000020fa4fc1cec: ;   {runtime_call C1 Runtime counter_overflow_blob}
  0x0000020fa4fc1cec: e86f c94f 

  0x0000020fa4fc1cf0: ; ImmutableOopMap {rsi=Oop [64]=Oop [72]=Oop [88]=Oop [128]=Oop }
                      ;*synchronization entry
                      ; - jdk.internal.loader.BuiltinClassLoader::loadClassOrNull@-1 (line 639)
                      ; - jdk.internal.loader.BuiltinClassLoader::loadClassOrNull@66 (line 608)
  0x0000020fa4fc1cf0: 07e9 7ef7 

  0x0000020fa4fc1cf4: ;   {runtime_call C1 Runtime throw_null_pointer_exception_blob}
  0x0000020fa4fc1cf4: ffff e8e5 

  0x0000020fa4fc1cf8: ; ImmutableOopMap {rsi=Oop [64]=Oop [72]=Oop [88]=Oop [128]=Oop }
                      ;*invokevirtual loadClassOrNull {reexecute=0 rethrow=0 return_oop=0}
                      ; - jdk.internal.loader.BuiltinClassLoader::loadClassOrNull@86 (line 615)
                      ;   {metadata({method} {0x000000009d1daa50} 'loadClassOrNull' '(Ljava/lang/String;)Ljava/lang/Class;' in 'jdk/internal/loader/BuiltinClassLoader')}
  0x0000020fa4fc1cf8: 714f 0749 | ba48 aa1d | 9d00 0000 | 004c 8954 | 2408 48c7 | 0424 ffff 

  0x0000020fa4fc1d10: ;   {runtime_call C1 Runtime counter_overflow_blob}
  0x0000020fa4fc1d10: ffff e849 

  0x0000020fa4fc1d14: ; ImmutableOopMap {rsi=Oop [64]=Oop [72]=Oop [88]=Oop [128]=Oop }
                      ;*synchronization entry
                      ; - jdk.internal.loader.BuiltinClassLoader::loadClassOrNull@-1 (line 639)
                      ; - jdk.internal.loader.BuiltinClassLoader::loadClassOrNull@86 (line 615)
  0x0000020fa4fc1d14: c94f 07e9 | 26f9 ffff 

  0x0000020fa4fc1d1c: ;   {metadata({method} {0x000000009d1da2c0} 'hasClassPath' '()Z' in 'jdk/internal/loader/BuiltinClassLoader')}
  0x0000020fa4fc1d1c: 49ba b8a2 | 1d9d 0000 | 0000 4c89 | 5424 0848 | c704 24ff 

  0x0000020fa4fc1d30: ;   {runtime_call C1 Runtime counter_overflow_blob}
  0x0000020fa4fc1d30: ffff ffe8 

  0x0000020fa4fc1d34: ; ImmutableOopMap {rdx=Oop rsi=Oop [64]=Oop [72]=Oop [88]=Oop [128]=Oop }
                      ;*synchronization entry
                      ; - jdk.internal.loader.BuiltinClassLoader::hasClassPath@-1 (line 217)
                      ; - jdk.internal.loader.BuiltinClassLoader::loadClassOrNull@97 (line 619)
  0x0000020fa4fc1d34: 28c9 4f07 | e9ab faff 

  0x0000020fa4fc1d3c: ;   {metadata({method} {0x000000009d4a9620} 'isModuleSystemInited' '()Z' in 'jdk/internal/misc/VM')}
  0x0000020fa4fc1d3c: ff49 ba18 | 964a 9d00 | 0000 004c | 8954 2408 | 48c7 0424 | ffff ffff 

  0x0000020fa4fc1d54: ;   {runtime_call C1 Runtime counter_overflow_blob}
  0x0000020fa4fc1d54: e807 c94f 

  0x0000020fa4fc1d58: ; ImmutableOopMap {rdx=Oop rsi=Oop [64]=Oop [72]=Oop [88]=Oop [128]=Oop }
                      ;*synchronization entry
                      ; - jdk.internal.misc.VM::isModuleSystemInited@-1 (line 93)
                      ; - jdk.internal.loader.BuiltinClassLoader::loadClassOrNull@103 (line 619)
  0x0000020fa4fc1d58: 07e9 49fb 

  0x0000020fa4fc1d5c: ;   {metadata({method} {0x000000009d4a3780} 'resolveClass' '(Ljava/lang/Class;)V' in 'java/lang/ClassLoader')}
  0x0000020fa4fc1d5c: ffff 49ba | 7837 4a9d | 0000 0000 | 4c89 5424 | 0848 c704 | 24ff ffff 

  0x0000020fa4fc1d74: ;   {runtime_call C1 Runtime counter_overflow_blob}
  0x0000020fa4fc1d74: ffe8 e6c8 

  0x0000020fa4fc1d78: ; ImmutableOopMap {rsi=Oop [88]=Oop [128]=Oop }
                      ;*synchronization entry
                      ; - java.lang.ClassLoader::resolveClass@-1 (line 1171)
                      ; - jdk.internal.loader.BuiltinClassLoader::loadClassOrNull@128 (line 627)
  0x0000020fa4fc1d78: 4f07 e9fb | fcff ff48 | 8d44 2478 | 4889 0424 

  0x0000020fa4fc1d88: ;   {runtime_call C1 Runtime monitorexit_nofpu_blob}
  0x0000020fa4fc1d88: e8d3 ad4f | 07e9 6bfd 

  0x0000020fa4fc1d90: ;   {internal_word}
  0x0000020fa4fc1d90: ffff 49ba | 081b fca4 | 0f02 0000 | 4d89 97e0 

  0x0000020fa4fc1da0: ;   {runtime_call SafepointBlob}
  0x0000020fa4fc1da0: 0400 00e9 | b8f1 4207 

  0x0000020fa4fc1da8: ;   {metadata(nullptr)}
  0x0000020fa4fc1da8: 48ba 0000 | 0000 0000 | 0000 b800 

  0x0000020fa4fc1db4: ;   {runtime_call C1 Runtime load_klass_patching_blob}
  0x0000020fa4fc1db4: 0f05 0ae8 

  0x0000020fa4fc1db8: ; ImmutableOopMap {[88]=Oop [112]=Oop [128]=Oop }
                      ;*new {reexecute=1 rethrow=0 return_oop=0}
                      ; - (reexecute) java.lang.ClassLoader::resolveClass@4 (line 1172)
                      ; - jdk.internal.loader.BuiltinClassLoader::loadClassOrNull@128 (line 627)
  0x0000020fa4fc1db8: 24b8 4f07 | e957 fdff | ff48 8bd2 

  0x0000020fa4fc1dc4: ;   {runtime_call C1 Runtime fast_new_instance_blob}
  0x0000020fa4fc1dc4: e817 7a4f 

  0x0000020fa4fc1dc8: ; ImmutableOopMap {[88]=Oop [112]=Oop [128]=Oop }
                      ;*new {reexecute=0 rethrow=0 return_oop=0}
                      ; - java.lang.ClassLoader::resolveClass@4 (line 1172)
                      ; - jdk.internal.loader.BuiltinClassLoader::loadClassOrNull@128 (line 627)
  0x0000020fa4fc1dc8: 07e9 a2fd | ffff 488d | 4424 7848 

  0x0000020fa4fc1dd4: ;   {runtime_call C1 Runtime monitorexit_nofpu_blob}
  0x0000020fa4fc1dd4: 8904 24e8 | 84ad 4f07 | e946 feff | ff49 8b87 | 8805 0000 | 49c7 8788 | 0500 0000 | 0000 0049 
  0x0000020fa4fc1df4: c787 9005 | 0000 0000 | 0000 4881 | c490 0000 

  0x0000020fa4fc1e04: ;   {runtime_call C1 Runtime unwind_exception_blob}
  0x0000020fa4fc1e04: 005d e9d5 | 5d4f 07f4 | f4f4 f4f4 
[Stub Code]
  0x0000020fa4fc1e10: ;   {other}
  0x0000020fa4fc1e10: 0f1f 4400 

  0x0000020fa4fc1e14: ;   {static_stub}
  0x0000020fa4fc1e14: 0048 bb00 | 0000 0000 

  0x0000020fa4fc1e1c: ;   {runtime_call nmethod}
  0x0000020fa4fc1e1c: 0000 00e9 | fbff ffff 

  0x0000020fa4fc1e24: ;   {static_stub}
  0x0000020fa4fc1e24: 9048 bb00 | 0000 0000 

  0x0000020fa4fc1e2c: ;   {runtime_call nmethod}
  0x0000020fa4fc1e2c: 0000 00e9 | fbff ffff 

  0x0000020fa4fc1e34: ;   {static_stub}
  0x0000020fa4fc1e34: 9048 bb00 | 0000 0000 

  0x0000020fa4fc1e3c: ;   {runtime_call nmethod}
  0x0000020fa4fc1e3c: 0000 00e9 | fbff ffff 

  0x0000020fa4fc1e44: ;   {static_stub}
  0x0000020fa4fc1e44: 48bb 0000 | 0000 0000 

  0x0000020fa4fc1e4c: ;   {runtime_call nmethod}
  0x0000020fa4fc1e4c: 0000 e9fb 

  0x0000020fa4fc1e50: ;   {static_stub}
  0x0000020fa4fc1e50: ffff ff48 | bb88 a71d | 9d00 0000 

  0x0000020fa4fc1e5c: ;   {runtime_call I2C/C2I adapters}
  0x0000020fa4fc1e5c: 00e9 d43d 

  0x0000020fa4fc1e60: ;   {static_stub}
  0x0000020fa4fc1e60: 4307 48bb | 0000 0000 | 0000 0000 

  0x0000020fa4fc1e6c: ;   {runtime_call nmethod}
  0x0000020fa4fc1e6c: e9fb ffff 

  0x0000020fa4fc1e70: ;   {static_stub}
  0x0000020fa4fc1e70: ff48 bbf0 | a91d 9d00 

  0x0000020fa4fc1e78: ;   {runtime_call I2C/C2I adapters}
  0x0000020fa4fc1e78: 0000 00e9 | b63d 4307 

  0x0000020fa4fc1e80: ;   {static_stub}
  0x0000020fa4fc1e80: 48bb 0000 | 0000 0000 

  0x0000020fa4fc1e88: ;   {runtime_call nmethod}
  0x0000020fa4fc1e88: 0000 e9fb 

  0x0000020fa4fc1e8c: ;   {static_stub}
  0x0000020fa4fc1e8c: ffff ff48 | bb00 0000 | 0000 0000 

  0x0000020fa4fc1e98: ;   {runtime_call nmethod}
  0x0000020fa4fc1e98: 00e9 fbff 

  0x0000020fa4fc1e9c: ;   {runtime_call C1 Runtime handle_exception_from_callee_blob}
  0x0000020fa4fc1e9c: ffff e83d 

  0x0000020fa4fc1ea0: ;   {external_word}
  0x0000020fa4fc1ea0: 8e4f 0748 | b928 08a1 | f2fd 7f00 | 0048 83e4 

  0x0000020fa4fc1eb0: ;   {runtime_call}
  0x0000020fa4fc1eb0: f048 b800 | 8d64 f2fd | 7f00 00ff 

  0x0000020fa4fc1ebc: ;   {section_word}
  0x0000020fa4fc1ebc: d0f4 49ba | be1e fca4 | 0f02 0000 

  0x0000020fa4fc1ec8: ;   {runtime_call DeoptimizationBlob}
  0x0000020fa4fc1ec8: 4152 e991 | f342 07f4 
[/MachCode]


---------------  P R O C E S S  ---------------

Threads class SMR info:
_java_thread_list=0x0000020fc10c7e40, length=14, elements={
0x0000020f9a1a5400, 0x0000020fbc1b1540, 0x0000020fbc1b1d00, 0x0000020fbc1b24c0,
0x0000020fbc1b3080, 0x0000020fbc1b3d70, 0x0000020fbc1b7290, 0x0000020fbc1ba2c0,
0x0000020fbc1bb990, 0x0000020fbc6ce330, 0x0000020fbc6ccc20, 0x0000020fbc1be9f0,
0x0000020fbc1bc9b0, 0x0000020fbc1bd1c0
}

Java Threads: ( => current thread )
=>0x0000020f9a1a5400 JavaThread "main"                              [_thread_in_vm, id=43576, stack(0x0000002412e00000,0x0000002412f00000) (1024K)]
  0x0000020fbc1b1540 JavaThread "Reference Handler"          daemon [_thread_blocked, id=41732, stack(0x0000002413600000,0x0000002413700000) (1024K)]
  0x0000020fbc1b1d00 JavaThread "Finalizer"                  daemon [_thread_blocked, id=40424, stack(0x0000002413700000,0x0000002413800000) (1024K)]
  0x0000020fbc1b24c0 JavaThread "Signal Dispatcher"          daemon [_thread_blocked, id=25552, stack(0x0000002413800000,0x0000002413900000) (1024K)]
  0x0000020fbc1b3080 JavaThread "Attach Listener"            daemon [_thread_blocked, id=43380, stack(0x0000002413900000,0x0000002413a00000) (1024K)]
  0x0000020fbc1b3d70 JavaThread "Service Thread"             daemon [_thread_blocked, id=42096, stack(0x0000002413a00000,0x0000002413b00000) (1024K)]
  0x0000020fbc1b7290 JavaThread "Monitor Deflation Thread"   daemon [_thread_blocked, id=39352, stack(0x0000002413b00000,0x0000002413c00000) (1024K)]
  0x0000020fbc1ba2c0 JavaThread "C2 CompilerThread0"         daemon [_thread_blocked, id=5804, stack(0x0000002413c00000,0x0000002413d00000) (1024K)]
  0x0000020fbc1bb990 JavaThread "C1 CompilerThread0"         daemon [_thread_blocked, id=39184, stack(0x0000002413d00000,0x0000002413e00000) (1024K)]
  0x0000020fbc6ce330 JavaThread "Notification Thread"        daemon [_thread_blocked, id=43632, stack(0x0000002413e00000,0x0000002413f00000) (1024K)]
  0x0000020fbc6ccc20 JavaThread "Common-Cleaner"             daemon [_thread_blocked, id=43092, stack(0x0000002413f00000,0x0000002414000000) (1024K)]
  0x0000020fbc1be9f0 JavaThread "C1 CompilerThread1"         daemon [_thread_blocked, id=41836, stack(0x0000002414000000,0x0000002414100000) (1024K)]
  0x0000020fbc1bc9b0 JavaThread "C2 CompilerThread1"         daemon [_thread_in_native, id=43116, stack(0x0000002414100000,0x0000002414200000) (1024K)]
  0x0000020fbc1bd1c0 JavaThread "C1 CompilerThread2"         daemon [_thread_blocked, id=38988, stack(0x0000002414200000,0x0000002414300000) (1024K)]
Total: 14

Other Threads:
  0x0000020fbc1951a0 VMThread "VM Thread"                           [id=38952, stack(0x0000002413500000,0x0000002413600000) (1024K)]
  0x0000020fbc05c2e0 WatcherThread "VM Periodic Task Thread"        [id=43300, stack(0x0000002413400000,0x0000002413500000) (1024K)]
  0x0000020f9c73a0d0 WorkerThread "GC Thread#0"                     [id=38016, stack(0x0000002412f00000,0x0000002413000000) (1024K)]
  0x0000020f9c753990 ConcurrentGCThread "G1 Main Marker"            [id=42100, stack(0x0000002413000000,0x0000002413100000) (1024K)]
  0x0000020f9c7560e0 WorkerThread "G1 Conc#0"                       [id=41456, stack(0x0000002413100000,0x0000002413200000) (1024K)]
  0x0000020fbc046b70 ConcurrentGCThread "G1 Refine#0"               [id=43624, stack(0x0000002413200000,0x0000002413300000) (1024K)]
  0x0000020fbc049790 ConcurrentGCThread "G1 Service"                [id=30864, stack(0x0000002413300000,0x0000002413400000) (1024K)]
Total: 7

Threads with active compile tasks:
C2 CompilerThread1  176  512       4       java.lang.StringLatin1::indexOf (121 bytes)
Total: 1

VM state: not at safepoint (normal execution)

VM Mutex/Monitor currently owned by a thread:  ([mutex/lock_event])
[0x00007ffdf2cd72e8] Metaspace_lock - owner thread: 0x0000020f9a1a5400

Heap address: 0x0000000704a00000, size: 4022 MB, Compressed Oops mode: Zero based, Oop shift amount: 3

CDS archive(s) mapped at: [0x000000009d000000-0x000000009ddd0000-0x000000009ddd0000), size 14483456, SharedBaseAddress: 0x000000009d000000, ArchiveRelocationMode: 1.
Compressed class space mapped at: 0x000000009e000000-0x00000000de000000, reserved size: 1073741824
UseCompressedClassPointers 1, UseCompactObjectHeaders 0
Narrow klass pointer bits 32, Max shift 3
Narrow klass base: 0x000000009d000000, Narrow klass shift: 0
Encoding Range: [0x000000009d000000 - 0x000000019d000000), (4294967296 bytes)
Klass Range:    [0x000000009d010000 - 0x00000000de000000), (1090453504 bytes)
Klass ID Range:  [65536 - 1090519033) (1090453497)
Protection zone: [0x000000009d000000 - 0x000000009d010000), (65536 bytes)

GC Precious Log:
 CardTable entry size: 512
 Card Set container configuration: InlinePtr #cards 4 size 8 Array Of Cards #cards 16 size 48 Howl #buckets 8 coarsen threshold 3686 Howl Bitmap #cards 512 size 80 coarsen threshold 460 Card regions per heap region 1 cards per card region 4096
 CPUs: 16 total, 16 available
 Memory: 16087M
 Large Page Support: Disabled
 NUMA Support: Disabled
 Compressed Oops: Enabled (Zero based)
 Heap Region Size: 2M
 Heap Min Capacity: 8M
 Heap Initial Capacity: 252M
 Heap Max Capacity: 4022M
 Pre-touch: Disabled
 Parallel Workers: 13
 Concurrent Workers: 3
 Concurrent Refinement Workers: 13
 Periodic GC: Disabled

Heap:
 garbage-first heap   total reserved 4118528K, committed 260096K, used 9363K [0x0000000704a00000, 0x0000000800000000)
  region size 2048K, 5 young (10240K), 0 survivors (0K)

Heap Regions: E=young(eden), S=young(survivor), O=old, HS=humongous(starts), HC=humongous(continues), CS=collection set, F=free, TAMS=top-at-mark-start, PB=parsable bottom
|   0|0x0000000704a00000, 0x0000000704a00000, 0x0000000704c00000|  0%| F|  |TAMS 0x0000000704a00000| PB 0x0000000704a00000| Untracked |  0
|   1|0x0000000704c00000, 0x0000000704c00000, 0x0000000704e00000|  0%| F|  |TAMS 0x0000000704c00000| PB 0x0000000704c00000| Untracked |  0
|   2|0x0000000704e00000, 0x0000000704e00000, 0x0000000705000000|  0%| F|  |TAMS 0x0000000704e00000| PB 0x0000000704e00000| Untracked |  0
|   3|0x0000000705000000, 0x0000000705000000, 0x0000000705200000|  0%| F|  |TAMS 0x0000000705000000| PB 0x0000000705000000| Untracked |  0
|   4|0x0000000705200000, 0x0000000705200000, 0x0000000705400000|  0%| F|  |TAMS 0x0000000705200000| PB 0x0000000705200000| Untracked |  0
|   5|0x0000000705400000, 0x0000000705400000, 0x0000000705600000|  0%| F|  |TAMS 0x0000000705400000| PB 0x0000000705400000| Untracked |  0
|   6|0x0000000705600000, 0x0000000705600000, 0x0000000705800000|  0%| F|  |TAMS 0x0000000705600000| PB 0x0000000705600000| Untracked |  0
|   7|0x0000000705800000, 0x0000000705800000, 0x0000000705a00000|  0%| F|  |TAMS 0x0000000705800000| PB 0x0000000705800000| Untracked |  0
|   8|0x0000000705a00000, 0x0000000705a00000, 0x0000000705c00000|  0%| F|  |TAMS 0x0000000705a00000| PB 0x0000000705a00000| Untracked |  0
|   9|0x0000000705c00000, 0x0000000705c00000, 0x0000000705e00000|  0%| F|  |TAMS 0x0000000705c00000| PB 0x0000000705c00000| Untracked |  0
|  10|0x0000000705e00000, 0x0000000705e00000, 0x0000000706000000|  0%| F|  |TAMS 0x0000000705e00000| PB 0x0000000705e00000| Untracked |  0
|  11|0x0000000706000000, 0x0000000706000000, 0x0000000706200000|  0%| F|  |TAMS 0x0000000706000000| PB 0x0000000706000000| Untracked |  0
|  12|0x0000000706200000, 0x0000000706200000, 0x0000000706400000|  0%| F|  |TAMS 0x0000000706200000| PB 0x0000000706200000| Untracked |  0
|  13|0x0000000706400000, 0x0000000706400000, 0x0000000706600000|  0%| F|  |TAMS 0x0000000706400000| PB 0x0000000706400000| Untracked |  0
|  14|0x0000000706600000, 0x0000000706600000, 0x0000000706800000|  0%| F|  |TAMS 0x0000000706600000| PB 0x0000000706600000| Untracked |  0
|  15|0x0000000706800000, 0x0000000706800000, 0x0000000706a00000|  0%| F|  |TAMS 0x0000000706800000| PB 0x0000000706800000| Untracked |  0
|  16|0x0000000706a00000, 0x0000000706a00000, 0x0000000706c00000|  0%| F|  |TAMS 0x0000000706a00000| PB 0x0000000706a00000| Untracked |  0
|  17|0x0000000706c00000, 0x0000000706c00000, 0x0000000706e00000|  0%| F|  |TAMS 0x0000000706c00000| PB 0x0000000706c00000| Untracked |  0
|  18|0x0000000706e00000, 0x0000000706e00000, 0x0000000707000000|  0%| F|  |TAMS 0x0000000706e00000| PB 0x0000000706e00000| Untracked |  0
|  19|0x0000000707000000, 0x0000000707000000, 0x0000000707200000|  0%| F|  |TAMS 0x0000000707000000| PB 0x0000000707000000| Untracked |  0
|  20|0x0000000707200000, 0x0000000707200000, 0x0000000707400000|  0%| F|  |TAMS 0x0000000707200000| PB 0x0000000707200000| Untracked |  0
|  21|0x0000000707400000, 0x0000000707400000, 0x0000000707600000|  0%| F|  |TAMS 0x0000000707400000| PB 0x0000000707400000| Untracked |  0
|  22|0x0000000707600000, 0x0000000707600000, 0x0000000707800000|  0%| F|  |TAMS 0x0000000707600000| PB 0x0000000707600000| Untracked |  0
|  23|0x0000000707800000, 0x0000000707800000, 0x0000000707a00000|  0%| F|  |TAMS 0x0000000707800000| PB 0x0000000707800000| Untracked |  0
|  24|0x0000000707a00000, 0x0000000707a00000, 0x0000000707c00000|  0%| F|  |TAMS 0x0000000707a00000| PB 0x0000000707a00000| Untracked |  0
|  25|0x0000000707c00000, 0x0000000707c00000, 0x0000000707e00000|  0%| F|  |TAMS 0x0000000707c00000| PB 0x0000000707c00000| Untracked |  0
|  26|0x0000000707e00000, 0x0000000707e00000, 0x0000000708000000|  0%| F|  |TAMS 0x0000000707e00000| PB 0x0000000707e00000| Untracked |  0
|  27|0x0000000708000000, 0x0000000708000000, 0x0000000708200000|  0%| F|  |TAMS 0x0000000708000000| PB 0x0000000708000000| Untracked |  0
|  28|0x0000000708200000, 0x0000000708200000, 0x0000000708400000|  0%| F|  |TAMS 0x0000000708200000| PB 0x0000000708200000| Untracked |  0
|  29|0x0000000708400000, 0x0000000708400000, 0x0000000708600000|  0%| F|  |TAMS 0x0000000708400000| PB 0x0000000708400000| Untracked |  0
|  30|0x0000000708600000, 0x0000000708600000, 0x0000000708800000|  0%| F|  |TAMS 0x0000000708600000| PB 0x0000000708600000| Untracked |  0
|  31|0x0000000708800000, 0x0000000708800000, 0x0000000708a00000|  0%| F|  |TAMS 0x0000000708800000| PB 0x0000000708800000| Untracked |  0
|  32|0x0000000708a00000, 0x0000000708a00000, 0x0000000708c00000|  0%| F|  |TAMS 0x0000000708a00000| PB 0x0000000708a00000| Untracked |  0
|  33|0x0000000708c00000, 0x0000000708c00000, 0x0000000708e00000|  0%| F|  |TAMS 0x0000000708c00000| PB 0x0000000708c00000| Untracked |  0
|  34|0x0000000708e00000, 0x0000000708e00000, 0x0000000709000000|  0%| F|  |TAMS 0x0000000708e00000| PB 0x0000000708e00000| Untracked |  0
|  35|0x0000000709000000, 0x0000000709000000, 0x0000000709200000|  0%| F|  |TAMS 0x0000000709000000| PB 0x0000000709000000| Untracked |  0
|  36|0x0000000709200000, 0x0000000709200000, 0x0000000709400000|  0%| F|  |TAMS 0x0000000709200000| PB 0x0000000709200000| Untracked |  0
|  37|0x0000000709400000, 0x0000000709400000, 0x0000000709600000|  0%| F|  |TAMS 0x0000000709400000| PB 0x0000000709400000| Untracked |  0
|  38|0x0000000709600000, 0x0000000709600000, 0x0000000709800000|  0%| F|  |TAMS 0x0000000709600000| PB 0x0000000709600000| Untracked |  0
|  39|0x0000000709800000, 0x0000000709800000, 0x0000000709a00000|  0%| F|  |TAMS 0x0000000709800000| PB 0x0000000709800000| Untracked |  0
|  40|0x0000000709a00000, 0x0000000709a00000, 0x0000000709c00000|  0%| F|  |TAMS 0x0000000709a00000| PB 0x0000000709a00000| Untracked |  0
|  41|0x0000000709c00000, 0x0000000709c00000, 0x0000000709e00000|  0%| F|  |TAMS 0x0000000709c00000| PB 0x0000000709c00000| Untracked |  0
|  42|0x0000000709e00000, 0x0000000709e00000, 0x000000070a000000|  0%| F|  |TAMS 0x0000000709e00000| PB 0x0000000709e00000| Untracked |  0
|  43|0x000000070a000000, 0x000000070a000000, 0x000000070a200000|  0%| F|  |TAMS 0x000000070a000000| PB 0x000000070a000000| Untracked |  0
|  44|0x000000070a200000, 0x000000070a200000, 0x000000070a400000|  0%| F|  |TAMS 0x000000070a200000| PB 0x000000070a200000| Untracked |  0
|  45|0x000000070a400000, 0x000000070a400000, 0x000000070a600000|  0%| F|  |TAMS 0x000000070a400000| PB 0x000000070a400000| Untracked |  0
|  46|0x000000070a600000, 0x000000070a600000, 0x000000070a800000|  0%| F|  |TAMS 0x000000070a600000| PB 0x000000070a600000| Untracked |  0
|  47|0x000000070a800000, 0x000000070a800000, 0x000000070aa00000|  0%| F|  |TAMS 0x000000070a800000| PB 0x000000070a800000| Untracked |  0
|  48|0x000000070aa00000, 0x000000070aa00000, 0x000000070ac00000|  0%| F|  |TAMS 0x000000070aa00000| PB 0x000000070aa00000| Untracked |  0
|  49|0x000000070ac00000, 0x000000070ac00000, 0x000000070ae00000|  0%| F|  |TAMS 0x000000070ac00000| PB 0x000000070ac00000| Untracked |  0
|  50|0x000000070ae00000, 0x000000070ae00000, 0x000000070b000000|  0%| F|  |TAMS 0x000000070ae00000| PB 0x000000070ae00000| Untracked |  0
|  51|0x000000070b000000, 0x000000070b000000, 0x000000070b200000|  0%| F|  |TAMS 0x000000070b000000| PB 0x000000070b000000| Untracked |  0
|  52|0x000000070b200000, 0x000000070b200000, 0x000000070b400000|  0%| F|  |TAMS 0x000000070b200000| PB 0x000000070b200000| Untracked |  0
|  53|0x000000070b400000, 0x000000070b400000, 0x000000070b600000|  0%| F|  |TAMS 0x000000070b400000| PB 0x000000070b400000| Untracked |  0
|  54|0x000000070b600000, 0x000000070b600000, 0x000000070b800000|  0%| F|  |TAMS 0x000000070b600000| PB 0x000000070b600000| Untracked |  0
|  55|0x000000070b800000, 0x000000070b800000, 0x000000070ba00000|  0%| F|  |TAMS 0x000000070b800000| PB 0x000000070b800000| Untracked |  0
|  56|0x000000070ba00000, 0x000000070ba00000, 0x000000070bc00000|  0%| F|  |TAMS 0x000000070ba00000| PB 0x000000070ba00000| Untracked |  0
|  57|0x000000070bc00000, 0x000000070bc00000, 0x000000070be00000|  0%| F|  |TAMS 0x000000070bc00000| PB 0x000000070bc00000| Untracked |  0
|  58|0x000000070be00000, 0x000000070be00000, 0x000000070c000000|  0%| F|  |TAMS 0x000000070be00000| PB 0x000000070be00000| Untracked |  0
|  59|0x000000070c000000, 0x000000070c000000, 0x000000070c200000|  0%| F|  |TAMS 0x000000070c000000| PB 0x000000070c000000| Untracked |  0
|  60|0x000000070c200000, 0x000000070c200000, 0x000000070c400000|  0%| F|  |TAMS 0x000000070c200000| PB 0x000000070c200000| Untracked |  0
|  61|0x000000070c400000, 0x000000070c400000, 0x000000070c600000|  0%| F|  |TAMS 0x000000070c400000| PB 0x000000070c400000| Untracked |  0
|  62|0x000000070c600000, 0x000000070c600000, 0x000000070c800000|  0%| F|  |TAMS 0x000000070c600000| PB 0x000000070c600000| Untracked |  0
|  63|0x000000070c800000, 0x000000070c800000, 0x000000070ca00000|  0%| F|  |TAMS 0x000000070c800000| PB 0x000000070c800000| Untracked |  0
|  64|0x000000070ca00000, 0x000000070ca00000, 0x000000070cc00000|  0%| F|  |TAMS 0x000000070ca00000| PB 0x000000070ca00000| Untracked |  0
|  65|0x000000070cc00000, 0x000000070cc00000, 0x000000070ce00000|  0%| F|  |TAMS 0x000000070cc00000| PB 0x000000070cc00000| Untracked |  0
|  66|0x000000070ce00000, 0x000000070ce00000, 0x000000070d000000|  0%| F|  |TAMS 0x000000070ce00000| PB 0x000000070ce00000| Untracked |  0
|  67|0x000000070d000000, 0x000000070d000000, 0x000000070d200000|  0%| F|  |TAMS 0x000000070d000000| PB 0x000000070d000000| Untracked |  0
|  68|0x000000070d200000, 0x000000070d200000, 0x000000070d400000|  0%| F|  |TAMS 0x000000070d200000| PB 0x000000070d200000| Untracked |  0
|  69|0x000000070d400000, 0x000000070d400000, 0x000000070d600000|  0%| F|  |TAMS 0x000000070d400000| PB 0x000000070d400000| Untracked |  0
|  70|0x000000070d600000, 0x000000070d600000, 0x000000070d800000|  0%| F|  |TAMS 0x000000070d600000| PB 0x000000070d600000| Untracked |  0
|  71|0x000000070d800000, 0x000000070d800000, 0x000000070da00000|  0%| F|  |TAMS 0x000000070d800000| PB 0x000000070d800000| Untracked |  0
|  72|0x000000070da00000, 0x000000070da00000, 0x000000070dc00000|  0%| F|  |TAMS 0x000000070da00000| PB 0x000000070da00000| Untracked |  0
|  73|0x000000070dc00000, 0x000000070dc00000, 0x000000070de00000|  0%| F|  |TAMS 0x000000070dc00000| PB 0x000000070dc00000| Untracked |  0
|  74|0x000000070de00000, 0x000000070de00000, 0x000000070e000000|  0%| F|  |TAMS 0x000000070de00000| PB 0x000000070de00000| Untracked |  0
|  75|0x000000070e000000, 0x000000070e000000, 0x000000070e200000|  0%| F|  |TAMS 0x000000070e000000| PB 0x000000070e000000| Untracked |  0
|  76|0x000000070e200000, 0x000000070e200000, 0x000000070e400000|  0%| F|  |TAMS 0x000000070e200000| PB 0x000000070e200000| Untracked |  0
|  77|0x000000070e400000, 0x000000070e400000, 0x000000070e600000|  0%| F|  |TAMS 0x000000070e400000| PB 0x000000070e400000| Untracked |  0
|  78|0x000000070e600000, 0x000000070e600000, 0x000000070e800000|  0%| F|  |TAMS 0x000000070e600000| PB 0x000000070e600000| Untracked |  0
|  79|0x000000070e800000, 0x000000070e800000, 0x000000070ea00000|  0%| F|  |TAMS 0x000000070e800000| PB 0x000000070e800000| Untracked |  0
|  80|0x000000070ea00000, 0x000000070ea00000, 0x000000070ec00000|  0%| F|  |TAMS 0x000000070ea00000| PB 0x000000070ea00000| Untracked |  0
|  81|0x000000070ec00000, 0x000000070ec00000, 0x000000070ee00000|  0%| F|  |TAMS 0x000000070ec00000| PB 0x000000070ec00000| Untracked |  0
|  82|0x000000070ee00000, 0x000000070ee00000, 0x000000070f000000|  0%| F|  |TAMS 0x000000070ee00000| PB 0x000000070ee00000| Untracked |  0
|  83|0x000000070f000000, 0x000000070f000000, 0x000000070f200000|  0%| F|  |TAMS 0x000000070f000000| PB 0x000000070f000000| Untracked |  0
|  84|0x000000070f200000, 0x000000070f200000, 0x000000070f400000|  0%| F|  |TAMS 0x000000070f200000| PB 0x000000070f200000| Untracked |  0
|  85|0x000000070f400000, 0x000000070f400000, 0x000000070f600000|  0%| F|  |TAMS 0x000000070f400000| PB 0x000000070f400000| Untracked |  0
|  86|0x000000070f600000, 0x000000070f600000, 0x000000070f800000|  0%| F|  |TAMS 0x000000070f600000| PB 0x000000070f600000| Untracked |  0
|  87|0x000000070f800000, 0x000000070f800000, 0x000000070fa00000|  0%| F|  |TAMS 0x000000070f800000| PB 0x000000070f800000| Untracked |  0
|  88|0x000000070fa00000, 0x000000070fa00000, 0x000000070fc00000|  0%| F|  |TAMS 0x000000070fa00000| PB 0x000000070fa00000| Untracked |  0
|  89|0x000000070fc00000, 0x000000070fc00000, 0x000000070fe00000|  0%| F|  |TAMS 0x000000070fc00000| PB 0x000000070fc00000| Untracked |  0
|  90|0x000000070fe00000, 0x000000070fe00000, 0x0000000710000000|  0%| F|  |TAMS 0x000000070fe00000| PB 0x000000070fe00000| Untracked |  0
|  91|0x0000000710000000, 0x0000000710000000, 0x0000000710200000|  0%| F|  |TAMS 0x0000000710000000| PB 0x0000000710000000| Untracked |  0
|  92|0x0000000710200000, 0x0000000710200000, 0x0000000710400000|  0%| F|  |TAMS 0x0000000710200000| PB 0x0000000710200000| Untracked |  0
|  93|0x0000000710400000, 0x0000000710400000, 0x0000000710600000|  0%| F|  |TAMS 0x0000000710400000| PB 0x0000000710400000| Untracked |  0
|  94|0x0000000710600000, 0x0000000710600000, 0x0000000710800000|  0%| F|  |TAMS 0x0000000710600000| PB 0x0000000710600000| Untracked |  0
|  95|0x0000000710800000, 0x0000000710800000, 0x0000000710a00000|  0%| F|  |TAMS 0x0000000710800000| PB 0x0000000710800000| Untracked |  0
|  96|0x0000000710a00000, 0x0000000710a00000, 0x0000000710c00000|  0%| F|  |TAMS 0x0000000710a00000| PB 0x0000000710a00000| Untracked |  0
|  97|0x0000000710c00000, 0x0000000710c00000, 0x0000000710e00000|  0%| F|  |TAMS 0x0000000710c00000| PB 0x0000000710c00000| Untracked |  0
|  98|0x0000000710e00000, 0x0000000710e00000, 0x0000000711000000|  0%| F|  |TAMS 0x0000000710e00000| PB 0x0000000710e00000| Untracked |  0
|  99|0x0000000711000000, 0x0000000711000000, 0x0000000711200000|  0%| F|  |TAMS 0x0000000711000000| PB 0x0000000711000000| Untracked |  0
| 100|0x0000000711200000, 0x0000000711200000, 0x0000000711400000|  0%| F|  |TAMS 0x0000000711200000| PB 0x0000000711200000| Untracked |  0
| 101|0x0000000711400000, 0x0000000711400000, 0x0000000711600000|  0%| F|  |TAMS 0x0000000711400000| PB 0x0000000711400000| Untracked |  0
| 102|0x0000000711600000, 0x0000000711600000, 0x0000000711800000|  0%| F|  |TAMS 0x0000000711600000| PB 0x0000000711600000| Untracked |  0
| 103|0x0000000711800000, 0x0000000711800000, 0x0000000711a00000|  0%| F|  |TAMS 0x0000000711800000| PB 0x0000000711800000| Untracked |  0
| 104|0x0000000711a00000, 0x0000000711a00000, 0x0000000711c00000|  0%| F|  |TAMS 0x0000000711a00000| PB 0x0000000711a00000| Untracked |  0
| 105|0x0000000711c00000, 0x0000000711c00000, 0x0000000711e00000|  0%| F|  |TAMS 0x0000000711c00000| PB 0x0000000711c00000| Untracked |  0
| 106|0x0000000711e00000, 0x0000000711e00000, 0x0000000712000000|  0%| F|  |TAMS 0x0000000711e00000| PB 0x0000000711e00000| Untracked |  0
| 107|0x0000000712000000, 0x0000000712000000, 0x0000000712200000|  0%| F|  |TAMS 0x0000000712000000| PB 0x0000000712000000| Untracked |  0
| 108|0x0000000712200000, 0x0000000712200000, 0x0000000712400000|  0%| F|  |TAMS 0x0000000712200000| PB 0x0000000712200000| Untracked |  0
| 109|0x0000000712400000, 0x0000000712400000, 0x0000000712600000|  0%| F|  |TAMS 0x0000000712400000| PB 0x0000000712400000| Untracked |  0
| 110|0x0000000712600000, 0x0000000712600000, 0x0000000712800000|  0%| F|  |TAMS 0x0000000712600000| PB 0x0000000712600000| Untracked |  0
| 111|0x0000000712800000, 0x0000000712800000, 0x0000000712a00000|  0%| F|  |TAMS 0x0000000712800000| PB 0x0000000712800000| Untracked |  0
| 112|0x0000000712a00000, 0x0000000712a00000, 0x0000000712c00000|  0%| F|  |TAMS 0x0000000712a00000| PB 0x0000000712a00000| Untracked |  0
| 113|0x0000000712c00000, 0x0000000712c00000, 0x0000000712e00000|  0%| F|  |TAMS 0x0000000712c00000| PB 0x0000000712c00000| Untracked |  0
| 114|0x0000000712e00000, 0x0000000712e00000, 0x0000000713000000|  0%| F|  |TAMS 0x0000000712e00000| PB 0x0000000712e00000| Untracked |  0
| 115|0x0000000713000000, 0x0000000713000000, 0x0000000713200000|  0%| F|  |TAMS 0x0000000713000000| PB 0x0000000713000000| Untracked |  0
| 116|0x0000000713200000, 0x0000000713200000, 0x0000000713400000|  0%| F|  |TAMS 0x0000000713200000| PB 0x0000000713200000| Untracked |  0
| 117|0x0000000713400000, 0x0000000713400000, 0x0000000713600000|  0%| F|  |TAMS 0x0000000713400000| PB 0x0000000713400000| Untracked |  0
| 118|0x0000000713600000, 0x0000000713600000, 0x0000000713800000|  0%| F|  |TAMS 0x0000000713600000| PB 0x0000000713600000| Untracked |  0
| 119|0x0000000713800000, 0x0000000713800000, 0x0000000713a00000|  0%| F|  |TAMS 0x0000000713800000| PB 0x0000000713800000| Untracked |  0
| 120|0x0000000713a00000, 0x0000000713a00000, 0x0000000713c00000|  0%| F|  |TAMS 0x0000000713a00000| PB 0x0000000713a00000| Untracked |  0
| 121|0x0000000713c00000, 0x0000000713cf7c38, 0x0000000713e00000| 48%| E|  |TAMS 0x0000000713c00000| PB 0x0000000713c00000| Complete |  0
| 122|0x0000000713e00000, 0x0000000714000000, 0x0000000714000000|100%| E|CS|TAMS 0x0000000713e00000| PB 0x0000000713e00000| Complete |  0
| 123|0x0000000714000000, 0x0000000714200000, 0x0000000714200000|100%| E|CS|TAMS 0x0000000714000000| PB 0x0000000714000000| Complete |  0
| 124|0x0000000714200000, 0x0000000714400000, 0x0000000714400000|100%| E|CS|TAMS 0x0000000714200000| PB 0x0000000714200000| Complete |  0
| 125|0x0000000714400000, 0x0000000714600000, 0x0000000714600000|100%| E|CS|TAMS 0x0000000714400000| PB 0x0000000714400000| Complete |  0
|2010|0x00000007ffe00000, 0x00000007fff24ea8, 0x0000000800000000| 57%| O|  |TAMS 0x00000007ffe00000| PB 0x00000007ffe00000| Untracked |  0

Card table byte_map: [0x0000020fb4fb0000,0x0000020fb5790000] _byte_map_base: 0x0000020fb178b000

Marking Bits: (CMBitMap*) 0x0000020f9c73a860
 Bits: [0x0000020fb5790000, 0x0000020fb9668000)

Polling page: 0x0000020f9a460000

Metaspace:
Metaspace        used 1616K, committed 1728K, reserved 1114112K
 class space     used 119K, committed 192K, reserved 1048576K

Usage:
  Non-class:      1.46 MB used.
      Class:    119.51 KB used.
       Both:      1.58 MB used.

Virtual space:
  Non-class space:       64.00 MB reserved,       1.50 MB (  2%) committed,  1 nodes.
      Class space:        1.00 GB reserved,     192.00 KB ( <1%) committed,  1 nodes.
             Both:        1.06 GB reserved,       1.69 MB ( <1%) committed. 

Chunk freelists:
   Non-Class:  11.38 MB
       Class:  15.67 MB
        Both:  27.05 MB

MaxMetaspaceSize: unlimited
CompressedClassSpaceSize: 1.00 GB
Initial GC threshold: 21.00 MB
Current GC threshold: 21.00 MB
CDS: on
 - commit_granule_bytes: 65536.
 - commit_granule_words: 8192.
 - virtual_space_node_default_size: 8388608.
 - enlarge_chunks_in_place: 1.
UseCompressedClassPointers 1, UseCompactObjectHeaders 0
Narrow klass pointer bits 32, Max shift 3
Narrow klass base: 0x000000009d000000, Narrow klass shift: 0
Encoding Range: [0x000000009d000000 - 0x000000019d000000), (4294967296 bytes)
Klass Range:    [0x000000009d010000 - 0x00000000de000000), (1090453504 bytes)
Klass ID Range:  [65536 - 1090519033) (1090453497)
Protection zone: [0x000000009d000000 - 0x000000009d010000), (65536 bytes)


Internal statistics:

num_allocs_failed_limit: 0.
num_arena_births: 30.
num_arena_deaths: 0.
num_vsnodes_births: 2.
num_vsnodes_deaths: 0.
num_space_committed: 27.
num_space_uncommitted: 0.
num_chunks_returned_to_freelist: 0.
num_chunks_taken_from_freelist: 76.
num_chunk_merges: 0.
num_chunk_splits: 45.
num_chunks_enlarged: 31.
num_inconsistent_stats: 0.

CodeHeap 'non-profiled nmethods': size=119232Kb used=139Kb max_used=139Kb free=119092Kb
 bounds [0x0000020facae0000, 0x0000020facd50000, 0x0000020fb3f50000]
CodeHeap 'profiled nmethods': size=119104Kb used=616Kb max_used=616Kb free=118487Kb
 bounds [0x0000020fa4f50000, 0x0000020fa51c0000, 0x0000020fac3a0000]
CodeHeap 'non-nmethods': size=7424Kb used=2420Kb max_used=2428Kb free=5003Kb
 bounds [0x0000020fac3a0000, 0x0000020fac610000, 0x0000020facae0000]
CodeCache: size=245760Kb, used=3175Kb, max_used=3183Kb, free=242582Kb
 total_blobs=926, nmethods=511, adapters=316, full_count=0
Compilation: enabled, stopped_count=0, restarted_count=0

Compilation events (20 events):
Event: 0.109 Thread 0x0000020fbc1bd1c0  500       1       java.lang.NamedPackage::module (5 bytes)
Event: 0.110 Thread 0x0000020fbc1bd1c0 nmethod 500 0x0000020facb01688 code [0x0000020facb01780, 0x0000020facb01848]
Event: 0.110 Thread 0x0000020fbc1bd1c0  502       3       jdk.internal.classfile.impl.AbstractPoolEntry::hash1 (10 bytes)
Event: 0.110 Thread 0x0000020fbc1bd1c0 nmethod 502 0x0000020fa4fd1388 code [0x0000020fa4fd1480, 0x0000020fa4fd1580]
Event: 0.111 Thread 0x0000020fbc1bb990  504       3       java.util.ArrayDeque::elementAt (4 bytes)
Event: 0.111 Thread 0x0000020fbc1bd1c0  503       3       java.util.ArrayDeque::pollFirst (36 bytes)
Event: 0.111 Thread 0x0000020fbc1bb990 nmethod 504 0x0000020fa4fd1688 code [0x0000020fa4fd1780, 0x0000020fa4fd1898]
Event: 0.111 Thread 0x0000020fbc1bd1c0 nmethod 503 0x0000020fa4fd1988 code [0x0000020fa4fd1a80, 0x0000020fa4fd1e50]
Event: 0.111 Thread 0x0000020fbc1bb990  505       3       jdk.internal.jimage.ImageLocation::readValue (61 bytes)
Event: 0.111 Thread 0x0000020fbc1bb990 nmethod 505 0x0000020fa4fd1e88 code [0x0000020fa4fd1f80, 0x0000020fa4fd2320]
Event: 0.111 Thread 0x0000020fbc1bb990  506       3       java.nio.ByteBuffer::position (8 bytes)
Event: 0.111 Thread 0x0000020fbc1bb990 nmethod 506 0x0000020fa4fd2388 code [0x0000020fa4fd2480, 0x0000020fa4fd25d0]
Event: 0.111 Thread 0x0000020fbc1bb990  507       1       java.util.zip.Inflater::hasPendingOutput (5 bytes)
Event: 0.111 Thread 0x0000020fbc1bb990 nmethod 507 0x0000020facb01c88 code [0x0000020facb01d80, 0x0000020facb01e48]
Event: 0.112 Thread 0x0000020fbc1be9f0 nmethod 464 0x0000020fa4fd2688 code [0x0000020fa4fd2780, 0x0000020fa4fea098]
Event: 0.113 Thread 0x0000020fbc1ba2c0  510       4       java.lang.String::hashCode (60 bytes)
Event: 0.113 Thread 0x0000020fbc1be9f0  511       1       java.net.URLStreamHandler::getDefaultPort (2 bytes)
Event: 0.113 Thread 0x0000020fbc1be9f0 nmethod 511 0x0000020facb02688 code [0x0000020facb02780, 0x0000020facb02848]
Event: 0.113 Thread 0x0000020fbc1ba2c0 nmethod 510 0x0000020facb02988 code [0x0000020facb02a80, 0x0000020facb02dc0]
Event: 0.113 Thread 0x0000020fbc1bc9b0  512       4       java.lang.StringLatin1::indexOf (121 bytes)

GC Heap Usage History (0 events):
No events

Metaspace Usage History (0 events):
No events

Dll operation events (7 events):
Event: 0.005 Loaded shared library C:\Users\Dominik\.jdks\openjdk-25.0.1\bin\java.dll
Event: 0.024 Loaded shared library C:\Users\Dominik\.jdks\openjdk-25.0.1\bin\net.dll
Event: 0.025 Loaded shared library C:\Users\Dominik\.jdks\openjdk-25.0.1\bin\nio.dll
Event: 0.027 Loaded shared library C:\Users\Dominik\.jdks\openjdk-25.0.1\bin\zip.dll
Event: 0.083 Loaded shared library C:\Users\Dominik\.jdks\openjdk-25.0.1\bin\jimage.dll
Event: 0.084 Loaded shared library C:\Program Files\JetBrains\IntelliJ IDEA 2025.2.2\plugins\maven\lib\maven3\lib\jansi-native\Windows\x86_64\jansi.dll
Event: 0.089 Loaded shared library C:\Users\Dominik\.jdks\openjdk-25.0.1\bin\verify.dll

Deoptimization events (14 events):
Event: 0.050 Thread 0x0000020f9a1a5400 DEOPT PACKING pc=0x0000020fa4f561f8 sp=0x0000002412efe800
Event: 0.050 Thread 0x0000020f9a1a5400 DEOPT UNPACKING pc=0x0000020fac3f1702 sp=0x0000002412efdc70 mode 0
Event: 0.052 Thread 0x0000020f9a1a5400 DEOPT PACKING pc=0x0000020fa4f561f8 sp=0x0000002412efe800
Event: 0.052 Thread 0x0000020f9a1a5400 DEOPT UNPACKING pc=0x0000020fac3f1702 sp=0x0000002412efdc70 mode 0
Event: 0.052 Thread 0x0000020f9a1a5400 DEOPT PACKING pc=0x0000020fa4f561f8 sp=0x0000002412efe800
Event: 0.052 Thread 0x0000020f9a1a5400 DEOPT UNPACKING pc=0x0000020fac3f1702 sp=0x0000002412efdc70 mode 0
Event: 0.065 Thread 0x0000020f9a1a5400 Uncommon trap: trap_request=0xffffff45 fr.pc=0x0000020facaed124 relative=0x0000000000000124
Event: 0.065 Thread 0x0000020f9a1a5400 Uncommon trap: reason=unstable_if action=reinterpret pc=0x0000020facaed124 method=java.lang.StringCoding.countPositives([BII)I @ 17 c2
Event: 0.065 Thread 0x0000020f9a1a5400 DEOPT PACKING pc=0x0000020facaed124 sp=0x0000002412efa780
Event: 0.065 Thread 0x0000020f9a1a5400 DEOPT UNPACKING pc=0x0000020fac4c0b82 sp=0x0000002412efa708 mode 2
Event: 0.069 Thread 0x0000020f9a1a5400 DEOPT PACKING pc=0x0000020fa4f841f8 sp=0x0000002412efa840
Event: 0.069 Thread 0x0000020f9a1a5400 DEOPT UNPACKING pc=0x0000020fac3f1702 sp=0x0000002412ef9cc8 mode 0
Event: 0.113 Thread 0x0000020f9a1a5400 DEOPT PACKING pc=0x0000020fa4f66a99 sp=0x0000002412efa360
Event: 0.113 Thread 0x0000020f9a1a5400 DEOPT UNPACKING pc=0x0000020fac3f1702 sp=0x0000002412ef97b0 mode 0

Classes loaded (20 events):
Event: 0.106 Loading class java/util/Collections$UnmodifiableMap$UnmodifiableEntrySet
Event: 0.106 Loading class java/util/Collections$UnmodifiableMap$UnmodifiableEntrySet done
Event: 0.106 Loading class java/util/Collections$UnmodifiableMap$UnmodifiableEntrySet$1
Event: 0.106 Loading class java/util/Collections$UnmodifiableMap$UnmodifiableEntrySet$1 done
Event: 0.106 Loading class java/util/Collections$UnmodifiableMap$UnmodifiableEntrySet$UnmodifiableEntry
Event: 0.106 Loading class java/util/Collections$UnmodifiableMap$UnmodifiableEntrySet$UnmodifiableEntry done
Event: 0.110 Loading class java/util/Stack
Event: 0.110 Loading class java/util/Vector
Event: 0.110 Loading class java/util/Vector done
Event: 0.110 Loading class java/util/Stack done
Event: 0.112 Loading class java/lang/StringIndexOutOfBoundsException
Event: 0.112 Loading class java/lang/StringIndexOutOfBoundsException done
Event: 0.112 Loading class java/util/ArrayList$ListItr
Event: 0.112 Loading class java/util/ArrayList$ListItr done
Event: 0.112 Loading class java/util/LinkedList$ListItr
Event: 0.112 Loading class java/util/LinkedList$ListItr done
Event: 0.113 Loading class java/lang/NoSuchFieldError
Event: 0.113 Loading class java/lang/NoSuchFieldError done
Event: 0.114 Loading class java/util/concurrent/LinkedBlockingQueue
Event: 0.114 Loading class java/util/concurrent/BlockingQueue

Classes unloaded (0 events):
No events

Classes redefined (0 events):
No events

Internal exceptions (19 events):
Event: 0.075 Thread 0x0000020f9a1a5400 Exception <a 'java/lang/NoSuchMethodError'{0x00000007140a1650}: 'java.lang.Object java.lang.invoke.Invokers$Holder.invokeExact_MT(java.lang.Object, java.lang.Object, java.lang.Object, java.lang.Object, java.lang.Object)'> (0x00000007140a1650) 
thrown [s\open\src\hotspot\share\interpreter\linkResolver.cpp, line 804]
Event: 0.077 Thread 0x0000020f9a1a5400 Exception <a 'java/lang/NoSuchMethodError'{0x00000007140cb730}: 'java.lang.Object java.lang.invoke.DirectMethodHandle$Holder.invokeStaticInit(java.lang.Object)'> (0x00000007140cb730) 
thrown [s\open\src\hotspot\share\interpreter\linkResolver.cpp, line 804]
Event: 0.080 Thread 0x0000020f9a1a5400 Exception <a 'java/lang/NullPointerException'{0x00000007140fafc0}> (0x00000007140fafc0) 
thrown [s\open\src\hotspot\share\interpreter\linkResolver.cpp, line 1416]
Event: 0.084 Thread 0x0000020f9a1a5400 Exception <a 'java/lang/NullPointerException'{0x00000007141183d0}> (0x00000007141183d0) 
thrown [s\open\src\hotspot\share\interpreter\linkResolver.cpp, line 1416]
Event: 0.084 Thread 0x0000020f9a1a5400 Exception <a 'java/lang/NullPointerException'{0x00000007141186b0}> (0x00000007141186b0) 
thrown [s\open\src\hotspot\share\interpreter\linkResolver.cpp, line 1416]
Event: 0.084 Thread 0x0000020f9a1a5400 Exception <a 'java/lang/NullPointerException'{0x0000000714118990}> (0x0000000714118990) 
thrown [s\open\src\hotspot\share\interpreter\linkResolver.cpp, line 1416]
Event: 0.085 Thread 0x0000020f9a1a5400 Exception <a 'java/lang/NullPointerException'{0x000000071411ce40}> (0x000000071411ce40) 
thrown [s\open\src\hotspot\share\interpreter\linkResolver.cpp, line 1416]
Event: 0.085 Thread 0x0000020f9a1a5400 Exception <a 'java/lang/NullPointerException'{0x000000071412d308}> (0x000000071412d308) 
thrown [s\open\src\hotspot\share\interpreter\linkResolver.cpp, line 1416]
Event: 0.085 Thread 0x0000020f9a1a5400 Exception <a 'java/lang/NullPointerException'{0x000000071412d5e8}> (0x000000071412d5e8) 
thrown [s\open\src\hotspot\share\interpreter\linkResolver.cpp, line 1416]
Event: 0.085 Thread 0x0000020f9a1a5400 Exception <a 'java/lang/NullPointerException'{0x000000071412d8c8}> (0x000000071412d8c8) 
thrown [s\open\src\hotspot\share\interpreter\linkResolver.cpp, line 1416]
Event: 0.085 Thread 0x0000020f9a1a5400 Exception <a 'java/lang/NullPointerException'{0x000000071412dba8}> (0x000000071412dba8) 
thrown [s\open\src\hotspot\share\interpreter\linkResolver.cpp, line 1416]
Event: 0.088 Thread 0x0000020f9a1a5400 Exception <a 'sun/nio/fs/WindowsException'{0x0000000714151080}> (0x0000000714151080) 
thrown [s\open\src\hotspot\share\prims\jni.cpp, line 516]
Event: 0.088 Thread 0x0000020f9a1a5400 Exception <a 'sun/nio/fs/WindowsException'{0x0000000714151620}> (0x0000000714151620) 
thrown [s\open\src\hotspot\share\prims\jni.cpp, line 516]
Event: 0.088 Thread 0x0000020f9a1a5400 Exception <a 'sun/nio/fs/WindowsException'{0x0000000714151b68}> (0x0000000714151b68) 
thrown [s\open\src\hotspot\share\prims\jni.cpp, line 516]
Event: 0.088 Thread 0x0000020f9a1a5400 Exception <a 'sun/nio/fs/WindowsException'{0x0000000714152058}> (0x0000000714152058) 
thrown [s\open\src\hotspot\share\prims\jni.cpp, line 516]
Event: 0.088 Thread 0x0000020f9a1a5400 Exception <a 'sun/nio/fs/WindowsException'{0x0000000714152500}> (0x0000000714152500) 
thrown [s\open\src\hotspot\share\prims\jni.cpp, line 516]
Event: 0.093 Thread 0x0000020f9a1a5400 Exception <a 'java/lang/NoSuchMethodError'{0x0000000714194210}: 'void java.lang.invoke.DirectMethodHandle$Holder.invokeStatic(java.lang.Object, java.lang.Object)'> (0x0000000714194210) 
thrown [s\open\src\hotspot\share\interpreter\linkResolver.cpp, line 804]
Event: 0.094 Thread 0x0000020f9a1a5400 Exception <a 'java/lang/NoSuchMethodError'{0x000000071419bfb8}: 'void java.lang.invoke.DirectMethodHandle$Holder.invokeStaticInit(java.lang.Object, java.lang.Object)'> (0x000000071419bfb8) 
thrown [s\open\src\hotspot\share\interpreter\linkResolver.cpp, line 804]
Event: 0.110 Thread 0x0000020f9a1a5400 Exception <a 'java/lang/NoSuchMethodError'{0x00000007141e6c68}: 'void java.lang.invoke.DirectMethodHandle$Holder.invokeStatic(java.lang.Object, java.lang.Object, java.lang.Object)'> (0x00000007141e6c68) 
thrown [s\open\src\hotspot\share\interpreter\linkResolver.cpp, line 804]

VM Operations (4 events):
Event: 0.079 Executing non-safepoint VM operation: HandshakeAllThreads (Deoptimize)
Event: 0.079 Executing non-safepoint VM operation: HandshakeAllThreads (Deoptimize) done
Event: 0.085 Executing non-safepoint VM operation: HandshakeAllThreads (Deoptimize)
Event: 0.085 Executing non-safepoint VM operation: HandshakeAllThreads (Deoptimize) done

Memory protections (0 events):
No events

Nmethod flushes (0 events):
No events

Events (16 events):
Event: 0.014 Thread 0x0000020f9a1a5400 Thread added: 0x0000020f9a1a5400
Event: 0.020 Thread 0x0000020f9a1a5400 Thread added: 0x0000020fbc1b1540
Event: 0.020 Thread 0x0000020f9a1a5400 Thread added: 0x0000020fbc1b1d00
Event: 0.020 Thread 0x0000020f9a1a5400 Thread added: 0x0000020fbc1b24c0
Event: 0.020 Thread 0x0000020f9a1a5400 Thread added: 0x0000020fbc1b3080
Event: 0.020 Thread 0x0000020f9a1a5400 Thread added: 0x0000020fbc1b3d70
Event: 0.020 Thread 0x0000020f9a1a5400 Thread added: 0x0000020fbc1b7290
Event: 0.020 Thread 0x0000020f9a1a5400 Thread added: 0x0000020fbc1ba2c0
Event: 0.020 Thread 0x0000020f9a1a5400 Thread added: 0x0000020fbc1bb990
Event: 0.022 Thread 0x0000020f9a1a5400 Thread added: 0x0000020fbc6ce330
Event: 0.023 Thread 0x0000020f9a1a5400 Thread added: 0x0000020fbc6ccc20
Event: 0.047 Thread 0x0000020fbc1bb990 Thread added: 0x0000020fbc1be9f0
Event: 0.049 Thread 0x0000020fbc1be9f0 Thread added: 0x0000020fbc1bc9b0
Event: 0.067 Thread 0x0000020fbc1bb990 Thread added: 0x0000020fbc1bd1c0
Event: 0.081 Thread 0x0000020f9a1a5400 Thread added: 0x0000020fc10bb570
Event: 0.106 Thread 0x0000020fc10bb570 Thread exited: 0x0000020fc10bb570


Dynamic libraries:
0x00007ff7bb9a0000 - 0x00007ff7bb9ae000 	C:\Users\Dominik\.jdks\openjdk-25.0.1\bin\java.exe
0x00007ffeccf80000 - 0x00007ffecd1e8000 	C:\WINDOWS\SYSTEM32\ntdll.dll
0x00007ffecc440000 - 0x00007ffecc509000 	C:\WINDOWS\System32\KERNEL32.DLL
0x00007ffeca870000 - 0x00007ffecac68000 	C:\WINDOWS\System32\KERNELBASE.dll
0x00007ffeca6f0000 - 0x00007ffeca83b000 	C:\WINDOWS\System32\ucrtbase.dll
0x00007ffebf830000 - 0x00007ffebf847000 	C:\Users\Dominik\.jdks\openjdk-25.0.1\bin\jli.dll
0x00007ffebe850000 - 0x00007ffebe86e000 	C:\Users\Dominik\.jdks\openjdk-25.0.1\bin\VCRUNTIME140.dll
0x00007ffeccd60000 - 0x00007ffeccf27000 	C:\WINDOWS\System32\USER32.dll
0x00007ffeca840000 - 0x00007ffeca867000 	C:\WINDOWS\System32\win32u.dll
0x00007ffeaed70000 - 0x00007ffeaf004000 	C:\WINDOWS\WinSxS\amd64_microsoft.windows.common-controls_6595b64144ccf1df_6.0.26100.7019_none_3e06ffa0e335b8a8\COMCTL32.dll
0x00007ffecc630000 - 0x00007ffecc65b000 	C:\WINDOWS\System32\GDI32.dll
0x00007ffecaf00000 - 0x00007ffecafa9000 	C:\WINDOWS\System32\msvcrt.dll
0x00007ffeca450000 - 0x00007ffeca57c000 	C:\WINDOWS\System32\gdi32full.dll
0x00007ffeca250000 - 0x00007ffeca2f3000 	C:\WINDOWS\System32\msvcp_win.dll
0x00007ffecc810000 - 0x00007ffecc841000 	C:\WINDOWS\System32\IMM32.DLL
0x00007ffec4760000 - 0x00007ffec476c000 	C:\Users\Dominik\.jdks\openjdk-25.0.1\bin\vcruntime140_1.dll
0x00007ffeb7e50000 - 0x00007ffeb7edd000 	C:\Users\Dominik\.jdks\openjdk-25.0.1\bin\msvcp140.dll
0x00007ffdf1f60000 - 0x00007ffdf2dbf000 	C:\Users\Dominik\.jdks\openjdk-25.0.1\bin\server\jvm.dll
0x00007ffecb020000 - 0x00007ffecb0d4000 	C:\WINDOWS\System32\ADVAPI32.dll
0x00007ffecb400000 - 0x00007ffecb4a6000 	C:\WINDOWS\System32\sechost.dll
0x00007ffecb0e0000 - 0x00007ffecb1f8000 	C:\WINDOWS\System32\RPCRT4.dll
0x00007ffecbe60000 - 0x00007ffecbed4000 	C:\WINDOWS\System32\WS2_32.dll
0x00007ffec9f30000 - 0x00007ffec9f8e000 	C:\WINDOWS\SYSTEM32\POWRPROF.dll
0x00007ffec6840000 - 0x00007ffec6875000 	C:\WINDOWS\SYSTEM32\WINMM.dll
0x00007ffebfb20000 - 0x00007ffebfb2b000 	C:\WINDOWS\SYSTEM32\VERSION.dll
0x00007ffec9f10000 - 0x00007ffec9f24000 	C:\WINDOWS\SYSTEM32\UMPDC.dll
0x00007ffec8db0000 - 0x00007ffec8dcb000 	C:\WINDOWS\SYSTEM32\kernel.appcore.dll
0x00007ffebf820000 - 0x00007ffebf82a000 	C:\Users\Dominik\.jdks\openjdk-25.0.1\bin\jimage.dll
0x00007ffec7700000 - 0x00007ffec7942000 	C:\WINDOWS\SYSTEM32\DBGHELP.DLL
0x00007ffecc860000 - 0x00007ffeccbeb000 	C:\WINDOWS\System32\combase.dll
0x00007ffecbcf0000 - 0x00007ffecbdc7000 	C:\WINDOWS\System32\OLEAUT32.dll
0x00007ffe9edb0000 - 0x00007ffe9edec000 	C:\WINDOWS\SYSTEM32\dbgcore.DLL
0x00007ffecac70000 - 0x00007ffecad15000 	C:\WINDOWS\System32\bcryptPrimitives.dll
0x00007ffebe830000 - 0x00007ffebe84f000 	C:\Users\Dominik\.jdks\openjdk-25.0.1\bin\java.dll
0x00007ffecc660000 - 0x00007ffecc7f7000 	C:\WINDOWS\System32\ole32.dll
0x00007ffecb4b0000 - 0x00007ffecbbff000 	C:\WINDOWS\System32\SHELL32.dll
0x00007ffeca580000 - 0x00007ffeca6eb000 	C:\WINDOWS\System32\wintypes.dll
0x00007ffec7cd0000 - 0x00007ffec852d000 	C:\WINDOWS\SYSTEM32\windows.storage.dll
0x00007ffecb300000 - 0x00007ffecb3f2000 	C:\WINDOWS\System32\SHCORE.dll
0x00007ffecafb0000 - 0x00007ffecb017000 	C:\WINDOWS\System32\shlwapi.dll
0x00007ffec9ff0000 - 0x00007ffeca019000 	C:\WINDOWS\SYSTEM32\profapi.dll
0x00007ffebe7b0000 - 0x00007ffebe7c2000 	C:\Users\Dominik\.jdks\openjdk-25.0.1\bin\net.dll
0x00007ffec93a0000 - 0x00007ffec940b000 	C:\WINDOWS\system32\mswsock.dll
0x00007ffeba260000 - 0x00007ffeba276000 	C:\Users\Dominik\.jdks\openjdk-25.0.1\bin\nio.dll
0x00007ffeba240000 - 0x00007ffeba257000 	C:\Users\Dominik\.jdks\openjdk-25.0.1\bin\zip.dll
0x00007ffe92db0000 - 0x00007ffe92dd4000 	C:\Program Files\JetBrains\IntelliJ IDEA 2025.2.2\plugins\maven\lib\maven3\lib\jansi-native\Windows\x86_64\jansi.dll
0x00007ffebe8a0000 - 0x00007ffebe8b0000 	C:\Users\Dominik\.jdks\openjdk-25.0.1\bin\verify.dll

JVMTI agents: none

dbghelp: loaded successfully - version: 4.0.5 - missing functions: none
symbol engine: initialized successfully - sym options: 0x614 - pdb path: .;C:\Users\Dominik\.jdks\openjdk-25.0.1\bin;C:\WINDOWS\SYSTEM32;C:\WINDOWS\WinSxS\amd64_microsoft.windows.common-controls_6595b64144ccf1df_6.0.26100.7019_none_3e06ffa0e335b8a8;C:\Users\Dominik\.jdks\openjdk-25.0.1\bin\server;C:\Program Files\JetBrains\IntelliJ IDEA 2025.2.2\plugins\maven\lib\maven3\lib\jansi-native\Windows\x86_64

VM Arguments:
jvm_args: -Dclassworlds.conf=C:\Program Files\JetBrains\IntelliJ IDEA 2025.2.2\plugins\maven\lib\maven3\bin\m2.conf -Dmaven.home=C:\Program Files\JetBrains\IntelliJ IDEA 2025.2.2\plugins\maven\lib\maven3 -Dlibrary.jansi.path=C:\Program Files\JetBrains\IntelliJ IDEA 2025.2.2\plugins\maven\lib\maven3\lib\jansi-native -Dmaven.multiModuleProjectDirectory=C:\Users\Dominik\IdeaProjects\FootballClubSystem 
java_command: org.codehaus.plexus.classworlds.launcher.Launcher -Didea.version=2025.2.2 -Dmaven.ext.class.path=C:\Program Files\JetBrains\IntelliJ IDEA 2025.2.2\plugins\maven\lib\maven-event-listener.jar -Djansi.passthrough=true -Dstyle.color=always -DskipTests=true -Dmaven.repo.local=C:\Users\Dominik\.m2\repository clean package -DskipTests -f pom.xml
java_class_path (initial): C:\Program Files\JetBrains\IntelliJ IDEA 2025.2.2\plugins\maven\lib\maven3\boot\plexus-classworlds-2.8.0.jar
Launcher Type: SUN_STANDARD

[Global flags]
     intx CICompilerCount                          = 12                                        {product} {ergonomic}
     uint ConcGCThreads                            = 3                                         {product} {ergonomic}
     uint G1ConcRefinementThreads                  = 13                                        {product} {ergonomic}
   size_t G1HeapRegionSize                         = 2097152                                   {product} {ergonomic}
   size_t InitialHeapSize                          = 264241152                                 {product} {ergonomic}
   size_t MarkStackSize                            = 4194304                                   {product} {ergonomic}
   size_t MarkStackSizeMax                         = 536870912                                 {product} {ergonomic}
   size_t MaxHeapSize                              = 4217372672                                {product} {ergonomic}
   size_t MaxNewSize                               = 2529165312                                {product} {ergonomic}
   size_t MinHeapDeltaBytes                        = 2097152                                   {product} {ergonomic}
   size_t MinHeapSize                              = 8388608                                   {product} {ergonomic}
    uintx NonNMethodCodeHeapSize                   = 7602176                                {pd product} {ergonomic}
    uintx NonProfiledCodeHeapSize                  = 122093568                              {pd product} {ergonomic}
    uintx ProfiledCodeHeapSize                     = 121962496                              {pd product} {ergonomic}
    uintx ReservedCodeCacheSize                    = 251658240                              {pd product} {ergonomic}
     bool SegmentedCodeCache                       = true                                      {product} {ergonomic}
   size_t SoftMaxHeapSize                          = 4217372672                             {manageable} {ergonomic}
     bool UseCompressedOops                        = true                           {product lp64_product} {ergonomic}
     bool UseG1GC                                  = true                                      {product} {ergonomic}
     bool UseLargePagesIndividualAllocation        = false                                  {pd product} {ergonomic}

Logging:
Log output configuration:
 #0: stdout all=warning uptime,level,tags foldmultilines=false
 #1: stderr all=off uptime,level,tags foldmultilines=false

Release file:
<release file has not been read>
Environment Variables:
JAVA_HOME=C:\Users\Dominik\.jdks\openjdk-25.0.1
PATH=C:\Python314\Scripts\;C:\Python314\;C:\Program Files\Common Files\Oracle\Java\javapath;C:\WINDOWS\system32;C:\WINDOWS;C:\WINDOWS\System32\Wbem;C:\WINDOWS\System32\WindowsPowerShell\v1.0\;C:\WINDOWS\System32\OpenSSH\;C:\Program Files\Git\cmd;C:\Program Files (x86)\IVI Foundation\VISA\WinNT\Bin\;C:\Program Files\IVI Foundation\VISA\Win64\Bin\;C:\Program Files (x86)\National Instruments\Shared\LabVIEW CLI;C:\Program Files (x86)\IVI Foundation\VISA\WinNT\Bin;C:\Program Files\NVIDIA Corporation\NVIDIA App\NvDLISR;C:\Program Files\PuTTY\;C:\Tools\maven\bin;C:\Tools\javafx-sdk-24.0.1\lib;C:\Program Files\Docker\Docker\resources\bin;C:\Program Files (x86)\NVIDIA Corporation\PhysX\Common;C:\Program Files\nodejs\;C:\ProgramData\chocolatey\bin;c:\Users\Dominik\AppData\Roaming\Code\User\globalStorage\github.copilot-chat\debugCommand;c:\Users\Dominik\AppData\Roaming\Code\User\globalStorage\github.copilot-chat\copilotCli;C:\Program Files\Common Files\Oracle\Java\javapath;C:\WINDOWS\system32;C:\WINDOWS;C:\WINDOWS\System32\Wbem;C:\WINDOWS\System32\WindowsPowerShell\v1.0\;C:\WINDOWS\System32\OpenSSH\;C:\Program Files\Git\cmd;C:\Program Files\dotnet\;C:\Program Files (x86)\IVI Foundation\VISA\WinNT\Bin\;C:\Program Files\IVI Foundation\VISA\Win64\Bin\;C:\Program Files (x86)\National Instruments\Shared\LabVIEW CLI;C:\Program Files (x86)\IVI Foundation\VISA\WinNT\Bin;C:\Program Files\NVIDIA Corporation\NVIDIA App\NvDLISR;C:\Program Files\PuTTY\;C:\Tools\maven\bin;C:\Tools\javafx-sdk-24.0.1\lib;C:\Program Files\nodejs\;C:\Program Files\Docker\Docker\resources\bin;C:\Program Files (x86)\NVIDIA Corporation\PhysX\Common;C:\Users\Dominik\AppData\Local\Microsoft\WindowsApps;C:\Tools\javafx-sdk-24.0.1\lib;C:\Tools\maven\bin;C:\U;C:\Users\Dominik\AppData\Local\PowerToys\DSCModules\;C:\Users\Dominik\.lmstudio\bin;C:\Users\Dominik\AppData\Local\Programs\Microsoft VS Code\bin;C:\Users\Dominik\AppData\Roaming\npm
USERNAME=Dominik
OS=Windows_NT
PROCESSOR_IDENTIFIER=Intel64 Family 6 Model 186 Stepping 2, GenuineIntel
TMP=C:\Users\Dominik\AppData\Local\Temp
TEMP=C:\Users\Dominik\AppData\Local\Temp




Compilation memory statistics disabled.

Periodic native trim disabled

---------------  S Y S T E M  ---------------

OS:
 Windows 11 , 64 bit Build 26100 (10.0.26100.7019)
OS uptime: 0 days 22:52 hours
Hyper-V role detected

CPU: total 16 (initial active 16) (8 cores per cpu, 2 threads per core) family 6 model 186 stepping 2 microcode 0x4119, cx8, cmov, fxsr, ht, mmx, 3dnowpref, sse, sse2, sse3, ssse3, sse4.1, sse4.2, popcnt, lzcnt, tsc, tscinvbit, avx, avx2, aes, erms, clmul, bmi1, bmi2, adx, sha, fma, vzeroupper, clflush, clflushopt, clwb, hv, serialize, rdtscp, rdpid, fsrm, gfni, f16c, cet_ibt, cet_ss
Processor Information for processor 0
  Max Mhz: 2400, Current Mhz: 1520, Mhz Limit: 2400
Processor Information for processor 1
  Max Mhz: 2400, Current Mhz: 2400, Mhz Limit: 2400
Processor Information for processor 2
  Max Mhz: 2400, Current Mhz: 1520, Mhz Limit: 2400
Processor Information for processor 3
  Max Mhz: 2400, Current Mhz: 1520, Mhz Limit: 2400
Processor Information for processor 4
  Max Mhz: 2400, Current Mhz: 1520, Mhz Limit: 2400
Processor Information for processor 5
  Max Mhz: 2400, Current Mhz: 2400, Mhz Limit: 2400
Processor Information for processor 6
  Max Mhz: 2400, Current Mhz: 2400, Mhz Limit: 2400
Processor Information for processor 7
  Max Mhz: 2400, Current Mhz: 2400, Mhz Limit: 2400
Processor Information for processor 8
  Max Mhz: 2400, Current Mhz: 1520, Mhz Limit: 2400
Processor Information for processor 9
  Max Mhz: 2400, Current Mhz: 2400, Mhz Limit: 2400
Processor Information for processor 10
  Max Mhz: 2400, Current Mhz: 2400, Mhz Limit: 2400
Processor Information for processor 11
  Max Mhz: 2400, Current Mhz: 2400, Mhz Limit: 2400
Processor Information for processor 12
  Max Mhz: 2400, Current Mhz: 1800, Mhz Limit: 1800
Processor Information for processor 13
  Max Mhz: 2400, Current Mhz: 1800, Mhz Limit: 1800
Processor Information for processor 14
  Max Mhz: 2400, Current Mhz: 1800, Mhz Limit: 1800
Processor Information for processor 15
  Max Mhz: 2400, Current Mhz: 1800, Mhz Limit: 1800

Memory: 4k page, system-wide physical 16087M (1988M free)
TotalPageFile size 33023M (AvailPageFile size 4M)
current process WorkingSet (physical memory assigned to process): 56M, peak: 56M
current process commit charge ("private bytes"): 360M, peak: 361M

vm_info: OpenJDK 64-Bit Server VM (25.0.1+8-27) for windows-amd64 JRE (25.0.1+8-27), built on 2025-09-25T16:41:16Z with unknown MS VC++:1943

END.
